player_id,name_first,name_last,hand,dob,ioc,height,wikidata_id
100644,Alexander,Zverev,R,19970420.0,GER,198.0,Q13990552
101061,Jimmy,Arias,R,19640816.0,USA,175.0,Q681419
101086,Ronald,Agenor,R,19641113.0,USA,180.0,Q949858
101150,Gianluca,Pozzi,L,19650617.0,ITA,180.0,Q959217
101185,Mark,Woodforde,L,19650923.0,AUS,188.0,Q360630
101191,Richey,Reneberg,R,19651005.0,USA,180.0,Q730444
101230,Andrei,Chesnokov,R,19660202.0,RUS,188.0,Q502002
101235,Paul,Haarhuis,R,19660219.0,NED,188.0,Q29441
101265,Patrick,McEnroe,R,19660701.0,USA,183.0,Q614675
101320,Magnus,Gustafsson,R,19670103.0,SWE,185.0,Q737996
101353,Lionel,Barthez,R,19670518.0,FRA,180.0,Q13512869
101358,Olivier,Delaitre,R,19670601.0,FRA,170.0,Q983581
101373,Karsten,Braasch,L,19670714.0,GER,180.0,Q63383
101374,Leonardo,Lavalle,L,19670714.0,MEX,188.0,Q1381420
101382,Marcelo,Filippini,R,19670804.0,URU,178.0,Q552698
101404,Thomas,Muster,L,19671002.0,AUT,180.0,Q219966
101414,Boris,Becker,R,19671122.0,GER,190.0,Q76334
101434,Petr,Korda,L,19680123.0,CZE,190.0,Q312717
101439,Javier,Sanchez,R,19680201.0,ESP,178.0,Q935218
101441,Martin,Sinner,R,19680207.0,GER,180.0,Q72091
101459,Tomas,Nydahl,R,19680321.0,SWE,185.0,Q2440401
101462,Francisco,Roig,R,19680401.0,ESP,175.0,Q773531
101463,Bernd,Karbacher,R,19680403.0,GER,185.0,Q73280
101468,Gerard,Solves,R,19680407.0,FRA,185.0,Q5626023
101475,Carlos,Costa,R,19680422.0,ESP,183.0,Q1042838
101495,Miguel,Tobon,R,20060619.0,COL,185.0,Q3313008
101507,Tomas,Carbonell,R,19680807.0,ESP,178.0,Q209007
101515,Donald,Johnson,L,19680909.0,USA,190.0,Q715784
101532,Francisco,Clavet,L,19681024.0,ESP,183.0,Q974264
101543,Jeff,Tarango,L,19681120.0,USA,180.0,Q957450
101549,Rodolphe,Gilbert,L,19681212.0,FRA,183.0,Q464621
101582,Gilbert,Schaller,R,19690317.0,AUT,180.0,Q114124
101589,Arnaud,Boetsch,R,19690401.0,FRA,183.0,Q691217
101591,Danny,Sapsford,R,19690403.0,GBR,173.0,Q1164743
101601,Brett,Steven,R,19690427.0,NZL,185.0,Q910879
101609,David,Wheaton,R,19690602.0,USA,193.0,Q1177146
101611,Cedric,Pioline,R,19690615.0,FRA,188.0,Q162487
101613,Malivai,Washington,R,19690620.0,USA,180.0,Q54691
101647,Byron,Black,R,19691006.0,ZIM,175.0,Q603156
101659,Jan,Apell,L,19691104.0,SWE,183.0,Q492692
101675,Martin,Rodriguez,R,19691218.0,ARG,178.0,Q729858
101681,Chris,Wilkinson,R,19700105.0,GBR,180.0,Q1077858
101687,David,Dilucia,R,19700115.0,USA,173.0,Q5232955
101688,Geoff,Grant,R,19700116.0,USA,183.0,Q5534148
101703,Guillaume,Raoux,R,19700214.0,FRA,180.0,Q974288
101711,Alex,Obrien,R,19700307.0,USA,185.0,Q737425
101717,Diego,Nargiso,L,19700315.0,ITA,188.0,Q1220549
101723,Magnus,Larsson,R,19700325.0,SWE,193.0,Q600738
101727,Jason,Stoltenberg,R,19700404.0,AUS,185.0,Q980620
101731,Nuno,Marques,L,19700409.0,POR,190.0,Q638480
101733,Jan,Siemerink,L,19700414.0,NED,183.0,Q1364928
101735,Richard,Fromberg,R,19700428.0,AUS,196.0,Q891769
101736,Andre,Agassi,R,19700429.0,USA,180.0,Q7407
101746,Renzo,Furlan,R,19700517.0,ITA,175.0,Q1852367
101750,Cristiano,Caratti,R,19700524.0,ITA,178.0,Q1140354
101761,Jaime,Oncins,R,19700616.0,BRA,196.0,Q258713
101772,Andrei,Cherkasov,R,19700704.0,RUS,180.0,Q502037
101774,Todd,Martin,R,19700708.0,USA,198.0,Q54536
101775,Frederik,Fetterlein,R,19700711.0,DEN,190.0,Q461532
101776,Sandon,Stolle,R,19700713.0,AUS,193.0,Q303725
101788,Doug,Flach,R,19700810.0,USA,183.0,Q463811
101792,Slava,Dosedel,R,19700814.0,CZE,183.0,Q601470
101793,Jim,Courier,R,19700817.0,USA,185.0,Q53396
101805,David,Nainkin,R,19700920.0,RSA,183.0,Q5237909
101806,Marc Kevin,Goellner,R,19700922.0,GER,196.0,Q65081
101816,Steve,Campbell,R,19701022.0,USA,183.0,Q7612135
101820,Marc,Rosset,R,19701107.0,SUI,201.0,Q123298
101821,Peter,Tramacchi,R,19701108.0,AUS,185.0,Q7177366
101823,Gerald,Mandl,L,19701112.0,AUT,190.0,Q29994471
101826,Alex,Lopez Moron,R,19701128.0,ESP,175.0,Q250572
101833,Michael,Tebbutt,L,19701222.0,AUS,190.0,Q552674
101843,Sergi,Bruguera,R,19710116.0,ESP,188.0,Q311177
101860,Mark,Draper,R,19710211.0,AUS,185.0,Q6767408
101862,Maurice,Ruah,R,19710219.0,VEN,178.0,Q1124129
101868,Dick,Norman,L,19710301.0,BEL,203.0,Q378208
101885,Wayne,Arthurs,L,19710318.0,AUS,190.0,Q933588
101888,Daniel,Vacek,R,19710401.0,CZE,190.0,Q522220
101889,Todd,Woodbridge,R,19710402.0,AUS,178.0,Q335312
101890,Jonathan,Stark,R,19710403.0,USA,188.0,Q962594
101897,Fernando,Meligeni,L,19710412.0,BRA,180.0,Q438876
101900,Nicklas,Kulti,R,19710422.0,SWE,190.0,Q962526
101902,Stephane,Huet,L,19710425.0,FRA,180.0,Q7608193
101917,Grant,Stafford,R,19710527.0,RSA,188.0,Q1543225
101924,Stefano,Pescosolido,R,19710613.0,ITA,185.0,Q541972
101926,Andrei,Merinov,L,19710623.0,RUS,183.0,Q4755868
101932,Jared,Palmer,R,19710702.0,USA,190.0,Q715252
101938,Bernardo,Mota,R,19710714.0,POR,178.0,Q823009
101945,Thierry,Guardiola,R,19710807.0,FRA,188.0,Q7784044
101947,Vincenzo,Santopadre,L,19710811.0,ITA,183.0,Q1635395
101948,Pete,Sampras,R,19710812.0,USA,185.0,Q9446
101956,Mark,Knowles,R,19710904.0,BAH,190.0,Q335333
101962,Younes,El Aynaoui,R,19710912.0,MAR,193.0,Q361676
101964,Goran,Ivanisevic,L,19710913.0,CRO,193.0,Q204279
101965,Wayne,Ferreira,R,19710915.0,RSA,185.0,Q369228
101969,Orlin,Stanoytchev,R,19710924.0,BUL,185.0,Q7103301
101982,Jordi,Mas,R,19711031.0,ESP,,Q6277472
101990,Richard,Krajicek,R,19711206.0,NED,196.0,Q309859
101991,Mauricio,Hadad,R,19711207.0,COL,170.0,Q3114069
101997,Marzio,Martelli,R,19711214.0,ITA,180.0,Q6781868
102002,Davide,Scala,R,19720102.0,ITA,180.0,Q3703624
102021,Michael,Chang,R,19720222.0,USA,175.0,Q53370
102023,Petr,Luxa,R,19720303.0,CZE,190.0,Q1894046
102024,Hernan,Gumy,R,19720305.0,ARG,188.0,Q1340151
102025,Mikael,Tillstrom,R,19720305.0,SWE,185.0,Q1301386
102028,Massimo,Valeri,R,19720313.0,ITA,185.0,Q6784767
102029,Filip,Dewulf,R,19720315.0,BEL,190.0,Q1413506
102035,Jonas,Bjorkman,R,19720323.0,SWE,183.0,Q310380
102050,Marco,Meneschincheri,L,19720425.0,ITA,180.0,Q24233910
102053,Brian,Macphie,L,19720511.0,USA,180.0,Q912607
102061,Kevin,Ullyett,R,19720523.0,ZIM,178.0,Q369257
102086,Igor,Kornienko,R,19720716.0,RUS,,
102087,Oleg,Ogorodov,R,19720716.0,UZB,193.0,Q1342493
102093,Martin,Damm,L,20030930.0,USA,203.0,Q381173
102103,Michael,Sell,R,19720823.0,USA,180.0,Q6834279
102104,Christian,Ruud,R,19720824.0,NOR,188.0,Q1081654
102106,Davide,Sanguinetti,R,19720825.0,ITA,188.0,Q555641
102107,Jan Frode,Andersen,L,19720829.0,NOR,190.0,Q6148936
102110,Daniel,Nestor,L,19720904.0,CAN,190.0,Q298542
102117,Eduardo,Nicolas,R,19720922.0,ESP,173.0,Q5340710
102118,Radomir,Vasek,R,19720923.0,CZE,188.0,Q539727
102131,Alistair,Hunt,R,19721111.0,NZL,190.0,Q29840991
102133,Laurence,Tieleman,R,19721114.0,ITA,180.0,Q460552
102135,Emilio,Benfele Alvarez,R,19721115.0,ESP,183.0,Q3031163
102139,Eyal,Ran,R,19721121.0,ISR,183.0,Q282735
102143,Nicolas,Thomann,R,19721129.0,FRA,183.0,Q13512876
102145,Francisco,Cabello,R,19721206.0,ARG,190.0,Q5483216
102146,Jordi,Burillo,R,19721207.0,ESP,188.0,Q964079
102148,Fabrice,Santoro,R,19721209.0,FRA,178.0,Q312726
102153,German,Puentes,R,19721218.0,ESP,173.0,Q5552317
102154,Marcos,Ondruska,R,19721218.0,RSA,183.0,Q617551
102158,Patrick,Rafter,R,19721228.0,AUS,185.0,Q204068
102162,Chris,Woodruff,R,19730102.0,USA,188.0,Q1077886
102167,Juan Albert,Viloca Puig,R,19730117.0,ESP,185.0,
102169,Michael,Joyce,R,19730201.0,USA,180.0,Q3856200
102179,Antony,Dupuis,R,19730224.0,FRA,185.0,Q608012
102180,Charles,Auffray,R,19730224.0,FRA,183.0,Q5075239
102184,David,Prinosil,R,19730309.0,GER,185.0,Q63355
102192,Luis Adrian,Morejon,R,19730328.0,ECU,178.0,Q6700905
102201,Lionel,Roux,R,19730412.0,FRA,185.0,Q1341842
102202,Kenneth,Carlsen,L,19730417.0,DEN,190.0,Q465949
102205,Sebastien,Lareau,R,19730427.0,CAN,183.0,Q560187
102223,Karim,Alami,R,19730524.0,MAR,185.0,Q553368
102227,Sargis,Sargsian,R,19730603.0,ARM,180.0,Q553377
102231,Alex,Calatrava,R,19730614.0,ESP,190.0,Q250554
102233,Leander,Paes,R,19730617.0,IND,178.0,Q296282
102234,Oliver,Gross,R,19730617.0,GER,185.0,Q2020241
102238,Alberto,Berasategui,R,19730628.0,ESP,173.0,Q450974
102243,Marcelo,Charpentier,L,19730711.0,ARG,180.0,Q6756524
102247,Andrea,Gaudenzi,R,19730730.0,ITA,183.0,Q201593
102251,Mariano,Hood,L,19730814.0,ARG,178.0,Q1896997
102257,Greg,Rusedski,L,19730906.0,GBR,193.0,Q335209
102259,Jerome,Golmard,L,19730909.0,FRA,188.0,Q974246
102263,Yong Il,Yoon,R,19730923.0,KOR,175.0,Q8055225
102269,Jeff,Salzenstein,L,19731014.0,USA,185.0,Q6174888
102271,Hicham,Arazi,L,19731019.0,MAR,175.0,Q383612
102286,Wayne,Black,R,19731114.0,ZIM,170.0,Q519243
102287,Albert,Portas,R,19731115.0,ESP,188.0,Q715151
102300,Gouichi,Motomura,R,19731225.0,JPN,173.0,Q5588205
102306,Michael,Kohlmann,R,19740111.0,GER,188.0,Q61139
102318,Andrei,Pavel,R,19740127.0,ROU,183.0,Q179364
102336,Kotaro,Miyachi,R,19740218.0,JPN,,Q99411127
102338,Yevgeny,Kafelnikov,R,19740218.0,RUS,190.0,Q207705
102344,Karol,Kucera,R,19740304.0,SVK,188.0,Q460621
102348,Hideki,Kaneko,R,19740306.0,JPN,,Q51530060
102358,Thomas,Enqvist,R,19740313.0,SWE,190.0,Q335222
102359,Andrew,Richardson,L,19740314.0,GBR,201.0,Q4758388
102369,Julien,Boutter,R,19740405.0,FRA,190.0,Q937634
102374,Alex,Corretja,R,19740411.0,ESP,180.0,Q46308
102375,Dinu,Pescariu,R,19740412.0,ROU,185.0,Q548312
102381,Werner,Eschauer,R,19740426.0,AUT,188.0,Q876738
102382,Julian,Knowle,L,19740429.0,AUT,188.0,Q249225
102394,Johan,Van Herck,R,19740524.0,BEL,185.0,Q577006
102395,Ville,Liukko,R,19740524.0,FIN,173.0,Q13549
102397,Jose Imaz,Ruiz,R,19740530.0,ESP,178.0,
102401,Scott,Draper,L,19740605.0,AUS,178.0,Q942937
102410,David,Caldwell,R,19740613.0,USA,180.0,Q5232098
102419,Christophe,Van Garsse,R,19740621.0,BEL,185.0,Q2202736
102422,Michael,Hill,R,19740630.0,AUS,188.0,Q1493041
102433,Mose,Navarra,L,19740718.0,ITA,180.0,Q3866200
102434,Vincent,Spadea,R,19740719.0,USA,183.0,Q54661
102436,Borut,Urh,R,19740728.0,SLO,190.0,Q4946840
102437,Adrian,Voinea,R,19740806.0,ROU,185.0,Q241624
102443,Barry,Cowan,L,19740825.0,GBR,188.0,Q809022
102446,Andrei,Medvedev,R,19740831.0,UKR,193.0,Q355338
102450,Tim,Henman,R,19740906.0,GBR,185.0,Q221737
102455,Lorenzo,Manta,R,19740916.0,SUI,190.0,Q691143
102456,Felix,Mantilla,R,19740923.0,ESP,180.0,Q449730
102463,Lucas Arnold,Ker,R,19741012.0,ARG,180.0,Q128397
102464,Todd,Larkham,R,19741013.0,AUS,178.0,Q1304540
102466,Jan,Kroslak,R,19741017.0,SVK,188.0,Q1714777
102469,Solon,Peppas,R,19741025.0,GRE,,Q49883215
102472,Marcello,Craca,R,19741027.0,GER,180.0,Q1893326
102473,Thomas,Schiessling,R,19741101.0,AUT,180.0,Q83992729
102477,Gaston,Etlis,R,19741104.0,ARG,185.0,Q1365324
102494,Tomas,Behrend,R,19741212.0,GER,193.0,Q62120
102497,Mashiska,Washington,R,19741219.0,USA,180.0,
102506,Quino,Munoz,R,19750104.0,ESP,178.0,Q55314999
102512,Joseph,Sirianni,R,19750117.0,AUS,175.0,Q6287017
102519,Marcio,Carlsson,R,19750124.0,BRA,175.0,Q6949644
102521,Hendrik,Dreekmann,R,19750129.0,GER,188.0,Q67320
102524,Neville,Godwin,R,19750131.0,RSA,173.0,Q615311
102533,Jens,Knippschild,R,19750215.0,GER,190.0,Q67304
102538,Tuomas,Ketola,R,19750221.0,FIN,185.0,Q13541
102539,Bohdan,Ulihrach,R,19750223.0,CZE,188.0,Q718178
102548,Juan Antonio,Marin,R,19750302.0,CRC,175.0,Q1710357
102558,Eric,Taino,L,19750318.0,PHI,175.0,Q2464953
102562,Jiri,Novak,R,19750322.0,CZE,190.0,Q356768
102563,Thomas,Johansson,R,19750324.0,SWE,180.0,Q277802
102565,Alexander,Waske,R,19750331.0,GER,188.0,Q61790
102567,George,Bastl,R,19750401.0,SUI,183.0,Q644821
102571,Gregory,Carraz,R,19750409.0,FRA,190.0,Q1327006
102574,Gabriel,Trifu,R,19750414.0,ROU,193.0,Q552616
102585,Sebastian,Prieto,R,19750519.0,ARG,180.0,Q933388
102588,Lars,Rehmann,R,19750521.0,GER,196.0,Q103888
102607,Juan,Balcells,R,19750620.0,ESP,190.0,Q264125
102610,Albert,Costa,R,19750625.0,ESP,180.0,Q317828
102615,Dennis,Van Scheppingen,R,19750705.0,NED,185.0,Q2998568
102623,Thomas,Larsen,R,19750715.0,DEN,180.0,Q55368067
102629,Oscar,Burrieza,R,19750722.0,ESP,170.0,Q8078799
102630,Slimane,Saoudi,L,19750723.0,ALG,,Q7540627
102642,Cyril,Saulnier,R,19750816.0,FRA,190.0,Q3009091
102644,Franco,Squillari,L,19750822.0,ARG,183.0,Q730200
102650,Roberto,Carretero,R,19750830.0,ESP,178.0,Q1640440
102652,Christian,Vinck,L,19750903.0,GER,183.0,Q124198
102667,Satoshi,Iwabuchi,L,19751007.0,JPN,175.0,Q1355813
102669,Noam,Behr,L,19751013.0,ISR,188.0,Q12040995
102687,Herbert,Wiltschnig,R,19751121.0,AUT,185.0,Q29548687
102689,Martin,Spottl,R,19751123.0,AUT,180.0,Q55238080
102694,Lars,Burgsmuller,R,19751206.0,GER,183.0,Q63359
102701,Marcelo,Rios,L,19751226.0,CHI,175.0,Q272532
102703,Hyung Taik,Lee,R,19760103.0,KOR,180.0,Q437281
102715,Ignacio,Hirigoyen,R,19760123.0,ARG,183.0,Q5992336
102720,Tomas,Zib,R,19760131.0,CZE,178.0,Q922313
102722,Attila,Savolt,R,19760205.0,HUN,183.0,Q758118
102723,Eduardo,Medica,R,19760210.0,ARG,180.0,Q5340689
102730,Ivo,Heuberger,R,19760219.0,SUI,188.0,Q681247
102738,Stefano,Tarallo,R,19760308.0,ITA,185.0,Q56752494
102743,Ben,Ellwood,R,19760312.0,AUS,178.0,Q4885602
102753,Wolfgang,Schranz,R,19760319.0,AUT,178.0,Q8030125
102765,Nicolas,Escude,R,19760403.0,FRA,185.0,Q470879
102768,Federico,Browne,R,19760407.0,ARG,180.0,Q3067895
102770,John,Van Lottum,R,19760410.0,NED,185.0,Q937072
102776,Andrew,Ilie,R,19760418.0,AUS,180.0,Q505283
102780,Frederic,Niemeyer,R,19760424.0,CAN,190.0,Q1370951
102783,Rainer,Schuettler,R,19760425.0,GER,180.0,Q76760
102785,Glenn,Weiner,R,19760427.0,USA,188.0,Q5569173
102788,Jan,Vacek,R,19760510.0,CZE,198.0,Q3049062
102791,Bobby,Kokavec,R,19760517.0,CAN,190.0,Q23939868
102796,Magnus,Norman,R,19760530.0,SWE,188.0,Q355323
102800,Nenad,Zimonjic,R,19760604.0,SRB,190.0,Q310419
102808,Kalle,Flygt,R,19760615.0,SWE,,Q38439363
102809,Axel,Pretzsch,R,19760616.0,GER,185.0,Q103124
102811,Dusan,Vemic,R,19760617.0,SRB,190.0,Q715483
102817,Edwin,Kempes,R,19760623.0,NED,188.0,Q1911187
102821,Cecil,Mamiit,R,19760627.0,PHI,173.0,Q2604330
102831,Jacobo,Diaz,R,19760711.0,ESP,173.0,Q6119701
102834,Paul,Goldstein,R,19760804.0,USA,178.0,Q1367632
102835,Luke,Milligan,R,19760806.0,GBR,180.0,Q6702163
102836,Rogier,Wassen,R,19760809.0,NED,190.0,Q562316
102839,Nicolas,Lapentti,R,19760813.0,ECU,188.0,Q346630
102845,Carlos,Moya,R,19760827.0,ESP,190.0,Q193361
102851,Giorgio,Galimberti,R,19760905.0,ITA,180.0,Q2277050
102854,Sjeng,Schalken,R,19760908.0,NED,193.0,Q469324
102855,Jack,Brasington,R,19760909.0,USA,188.0,Q6111382
102856,Gustavo,Kuerten,R,19760910.0,BRA,190.0,Q190723
102860,Agustin,Calleri,R,19760914.0,ARG,183.0,Q280765
102862,Allen,Belobrajdic,R,19760918.0,AUS,175.0,Q29584542
102863,Takao,Suzuki,R,19760920.0,JPN,175.0,Q715417
102869,Galo,Blanco,R,19761008.0,ESP,173.0,Q1356375
102872,James,Sekulov,R,19761013.0,AUS,180.0,Q6142918
102880,Alexander,Popp,R,19761104.0,GER,201.0,Q65066
102882,Mark,Philippoussis,R,19761107.0,AUS,196.0,Q310949
102886,Frantisek,Cermak,R,19761114.0,CZE,193.0,Q513900
102887,Ramon,Delgado,R,19761114.0,PAR,185.0,Q2608986
102902,Thomas,Blake,R,19761229.0,USA,,Q7787683
102904,Leos,Friedl,R,19770101.0,CZE,183.0,Q521418
102905,Stefan,Koubek,L,19770102.0,AUT,175.0,Q373711
102910,Salvador,Navarro,R,19770108.0,ESP,180.0,Q7406437
102911,Andrei,Stoliarov,R,19770109.0,RUS,178.0,Q502176
102921,Ota,Fukarek,R,19770118.0,CZE,190.0,Q2750288
102925,Justin,Gimelstob,R,19770126.0,USA,196.0,Q282698
102934,Nicolas,Coutelot,R,19770209.0,FRA,185.0,Q3340222
102939,Jean Baptiste,Perlant,R,19770222.0,FRA,190.0,Q6168977
102944,Stefano,Cobolli,R,19770302.0,ITA,175.0,Q84056554
102950,Fernando,Vicente,R,19770308.0,ESP,180.0,Q716863
102957,Vadim,Kutsenko,R,19770316.0,RUS,180.0,Q7908269
102965,Jamie,Delgado,R,19770321.0,GBR,178.0,Q966361
102966,Fredrik,Jonsson,R,19770328.0,SWE,193.0,Q5499481
102967,Marc,Gicquel,R,19770330.0,FRA,188.0,Q369248
102968,Jonathan,Erlich,R,19770405.0,ISR,180.0,Q335345
102985,Gustavo,Marcaccio,R,19770503.0,ARG,170.0,Q5889728
102987,Andre,Sa,R,19770506.0,BRA,185.0,Q439970
102997,Hermes,Gamonal,R,19770531.0,CHI,180.0,Q5895843
102998,Jan Michael,Gambill,R,19770603.0,USA,190.0,Q53545
102999,Stefano,Galvani,R,19770603.0,ITA,178.0,Q920998
103003,Jean Francois,Bachelot,R,19770611.0,FRA,183.0,Q10862506
103007,Mounir,El Aarej,R,19770616.0,MAR,,Q16665396
103009,Razvan,Sabau,R,19770618.0,ROU,185.0,Q3097906
103017,Nicolas,Kiefer,R,19770705.0,GER,183.0,Q76778
103018,Max,Mirnyi,R,19770706.0,BLR,196.0,Q221359
103029,Mehdi,Tahiri,R,19770728.0,MAR,183.0,Q3304537
103031,Julian,Alonso,R,19770802.0,ESP,185.0,Q980373
103032,Francisco,Fogues,L,19770806.0,ESP,190.0,Q51531381
103035,Alessio,Di Mauro,L,19770809.0,ITA,185.0,Q2468094
103045,Reginald,Willems,R,19770906.0,BEL,180.0,Q30113961
103047,Julien,Varlet,R,19770908.0,FRA,180.0,Q6308796
103060,Alejandro,Hernandez,R,19771001.0,MEX,180.0,Q4714572
103063,Sebastien,De Chaunac,R,19771007.0,FRA,183.0,Q3292979
103066,Mark,Nielsen,R,19771008.0,NZL,185.0,Q6769036
103077,Konstantinos,Economidis,R,19771102.0,GRE,188.0,Q1782838
103082,Markus,Hantschk,R,19771119.0,GER,188.0,Q78035
103084,Guillermo,Canas,R,19771125.0,ARG,185.0,Q310384
103096,Arnaud,Clement,R,19771217.0,FRA,173.0,Q299944
103103,Dominik,Hrbaty,R,19780104.0,SVK,183.0,Q314767
103104,Bjorn,Rehnquist,R,19780105.0,SWE,175.0,Q2905217
103105,Ruben,Ramirez Hidalgo,R,19780106.0,ESP,183.0,Q440545
103110,Daniele,Bracciali,R,19780110.0,ITA,180.0,Q464373
103114,Martin,Lee,L,19780113.0,GBR,180.0,Q5016631
103118,Ion,Moldovan,R,19780117.0,ROU,188.0,Q6063865
103133,Olivier,Mutis,R,19780202.0,FRA,175.0,Q3351246
103145,Amir,Hadad,R,19780217.0,ISR,183.0,Q2036810
103151,Mariano,Zabaleta,R,19780228.0,ARG,183.0,Q448278
103153,Gilles,Elseneer,R,19780306.0,BEL,188.0,Q5562045
103154,Jaymon,Crabb,R,19780306.0,AUS,183.0,Q6167849
103157,Arvind,Parmar,R,19780322.0,GBR,193.0,Q4802497
103158,Johan,Ortegren,R,19780322.0,SWE,,Q96678233
103162,Dejan,Petrovic,R,19780403.0,SRB,,Q5252686
103163,Tommy,Haas,R,19780403.0,GER,188.0,Q53560
103165,Gorka,Fraile,R,19780407.0,ESP,180.0,Q23663998
103166,Vladimir,Voltchkov,R,19780407.0,BLR,180.0,Q723268
103169,Oscar,Hernandez,R,19780410.0,ESP,180.0,Q293384
103171,Raemon,Sluiter,R,19780413.0,NED,185.0,Q457484
103174,Noam,Okun,R,19780416.0,ISR,185.0,Q1924319
103175,Toshihide,Matsui,R,19780419.0,JPN,178.0,Q2756872
103176,David,Sanchez,R,19780420.0,ESP,183.0,Q3018863
103178,Johan,Settergren,R,19780422.0,SWE,185.0,Q23664031
103181,Jiri,Vanek,R,19780424.0,CZE,185.0,Q246293
103182,Markus,Hipfl,R,19780426.0,AUT,178.0,Q376475
103184,Bob,Bryan,L,19780429.0,USA,193.0,Q53340
103185,Mike,Bryan,R,19780429.0,USA,190.0,Q53342
103188,Michael,Russell,R,19780501.0,USA,173.0,Q447849
103193,Peter,Wessels,R,19780507.0,NED,196.0,Q2489528
103198,Justin,Bower,L,19780523.0,RSA,190.0,Q6317393
103201,Adrian,Garcia,R,19780525.0,CHI,175.0,Q2729205
103202,Oscar,Serrano,R,19780525.0,ESP,173.0,Q8078875
103204,Hugo,Armando,R,19780527.0,USA,183.0,Q3107560
103206,Sebastien,Grosjean,R,19780529.0,FRA,175.0,Q45666
103225,Simon,Larose,R,19780628.0,CAN,190.0,Q7519176
103228,Marcos,Daniel,R,19780704.0,BRA,180.0,Q462445
103230,Tasuku,Iwami,L,19780709.0,JPN,168.0,Q55315034
103238,Jean Claude,Scherrer,R,19780720.0,SUI,188.0,Q869657
103240,Kevin,Kim,R,19780726.0,USA,180.0,Q512831
103242,Juan,Giner,R,19780728.0,ESP,178.0,Q29914324
103248,Harel,Levy,R,19780805.0,ISR,185.0,Q512909
103250,Rodolphe,Cadart,L,19780808.0,FRA,183.0,Q7357220
103252,Alberto,Martin,R,19780820.0,ESP,175.0,Q457047
103254,Yves,Allegro,R,19780824.0,SUI,183.0,Q664843
103264,Mariano,Puerta,L,19780919.0,ARG,180.0,Q283642
103270,Kristian,Capalik,R,19781003.0,USA,188.0,Q6437883
103280,Martin,Verkerk,R,19781031.0,NED,196.0,Q335263
103285,Radek,Stepanek,R,19781127.0,CZE,185.0,Q309395
103292,Gaston,Gaudio,R,19781209.0,ARG,175.0,Q299960
103294,Christophe,Rochus,R,19781215.0,BEL,170.0,Q441059
103296,Ivaylo,Traykov,R,19781217.0,BUL,188.0,Q6098578
103297,Alex,Kim,R,19781220.0,USA,175.0,Q4717302
103305,Daniel,Elsner,R,19790104.0,GER,183.0,Q88137
103318,Zeljko,Krajan,R,19790203.0,CRO,178.0,Q8083655
103319,Jeff,Morrison,R,19790204.0,USA,185.0,Q1085100
103324,Arnaud,Di Pasquale,R,19790211.0,FRA,185.0,Q552507
103325,Wesley,Moodie,R,19790214.0,RSA,196.0,Q355318
103333,Ivo,Karlovic,R,19790228.0,CRO,208.0,Q295483
103337,Ben Qiang,Zhu,R,19790313.0,CHN,,Q23020960
103339,Wesley,Whitehouse,L,19790313.0,RSA,190.0,Q7984032
103344,Ivan,Ljubicic,R,19790319.0,CRO,193.0,Q261095
103356,Michel,Kratochvil,R,19790407.0,SUI,185.0,Q691022
103369,Melle,Van Gemerden,R,19790509.0,NED,183.0,Q768965
103373,Sergio,Roitman,R,19790516.0,ARG,185.0,Q703815
103385,Paul,Baccanello,R,19790612.0,AUS,183.0,Q7149176
103387,Paradorn,Srichaphan,R,19790614.0,THA,185.0,Q140253
103393,Yuri,Schukin,R,19790626.0,KAZ,188.0,Q1355800
103395,Julio,Silva,R,19790701.0,BRA,173.0,Q2157499
103397,Alexandre,Simoni,R,19790702.0,BRA,188.0,Q4179068
103401,Jan,Hernych,R,19790707.0,CZE,190.0,Q358656
103403,Takahiro,Terachi,R,19790708.0,JPN,,Q11457743
103408,Brian,Vahaly,R,19790719.0,USA,183.0,Q4965531
103420,Michal,Tabara,R,19790811.0,CZE,175.0,Q1930473
103424,Tobias,Clemens,R,19790814.0,GER,185.0,Q7811616
103428,Juan Ignacio,Chela,R,19790830.0,ARG,190.0,Q299377
103429,Peter,Luczak,R,19790831.0,AUS,183.0,Q358712
103435,Massimo,Dellacqua,R,19790906.0,ITA,193.0,Q29613516
103444,Jean Rene,Lisnard,R,19790925.0,MON,173.0,Q629521
103448,Gabriel,Trujillo Soler,R,19790930.0,ESP,,Q3756499
103451,Bjorn,Phau,R,19791004.0,GER,175.0,Q77150
103454,Nicolas,Massu,R,19791010.0,CHI,183.0,Q295858
103455,Michal,Mertinak,R,19791011.0,SVK,180.0,Q718719
103457,Petr,Kralert,R,19791020.0,CZE,188.0,Q7178542
103470,Robert,Kendrick,R,19791115.0,USA,190.0,Q54525
103478,Diego,Veronelli,R,19791205.0,ARG,193.0,Q3027454
103484,James,Blake,R,19791228.0,USA,185.0,Q53333
103487,Federico,Luzzi,R,19800103.0,ITA,188.0,Q1332955
103490,Santiago,Ventura,R,19800105.0,ESP,183.0,Q367978
103498,Marat,Safin,R,19800127.0,RUS,193.0,Q133318
103503,Robin,Vik,R,19800205.0,CZE,183.0,Q3174234
103506,Martin,Vassallo Arguello,R,19800210.0,ARG,183.0,Q513713
103507,Juan Carlos,Ferrero,R,19800212.0,ESP,183.0,Q185722
103516,Nathan,Healey,R,19800227.0,AUS,180.0,Q531724
103521,Andrea,Stoppini,R,19800229.0,ITA,190.0,Q4755289
103523,Rohan,Bopanna,R,19800304.0,IND,193.0,Q511986
103525,Ivan,Miranda,R,19800308.0,PER,175.0,Q734183
103527,Julien,Jeanpierre,R,19800310.0,FRA,188.0,Q3189535
103529,Aisam Ul Haq,Qureshi,R,19800317.0,PAK,183.0,Q409547
103530,Zack,Fleishman,R,19800317.0,USA,188.0,Q4179332
103534,Nicolas,Devilder,L,19800325.0,FRA,173.0,Q715412
103535,Olivier,Patience,R,19800325.0,FRA,180.0,Q2447911
103538,James,Auckland,R,19800401.0,GBR,,Q13402407
103543,David,Marrero,R,19800408.0,ESP,183.0,Q512421
103544,Andy,Ram,R,19800410.0,ISR,180.0,Q335318
103553,Alun,Jones,R,19800426.0,AUS,180.0,Q4737498
103559,David,Sherwood,R,19800506.0,GBR,193.0,Q5239739
103560,Kj,Hippensteel,L,19800508.0,USA,190.0,Q6323398
103565,Stephane,Robert,R,19800517.0,FRA,185.0,Q552542
103566,Michael,Llodra,L,19800518.0,FRA,190.0,Q295488
103573,Rik,De Voest,R,19800605.0,RSA,180.0,Q519970
103580,Alexander,Peya,R,19800627.0,AUT,183.0,Q457476
103581,Flavio,Saretta,R,19800628.0,BRA,183.0,Q969314
103582,Michael,Berrer,L,19800701.0,GER,193.0,Q60324
103592,Jerome,Haehnel,R,19800714.0,FRA,185.0,Q2720338
103594,Oliver,Marach,R,19800716.0,AUT,185.0,Q441027
103598,Xavier,Malisse,R,19800719.0,BEL,185.0,Q312620
103600,Mohammad,Ghareeb,R,19800722.0,KUW,,Q6893099
103602,Fernando,Gonzalez,R,19800729.0,CHI,183.0,Q208517
103607,Victor,Estrella,R,19800802.0,DOM,173.0,Q548522
103626,Tomas,Tenconi,R,19800903.0,ITA,178.0,Q7818330
103632,Luis,Horna,R,19800914.0,PER,180.0,Q350266
103656,Albert,Montanes,R,19801126.0,ESP,175.0,Q299374
103657,Ivo,Klec,R,19801128.0,SVK,183.0,Q3487091
103663,Matias,Boeker,R,19801211.0,USA,,Q6787403
103672,Ricardo,Mello,L,19801221.0,BRA,175.0,Q45010
103675,Diego,Junqueira,L,19801228.0,ARG,178.0,Q717463
103676,Michael,Yani,R,19801231.0,USA,185.0,Q117456
103693,Thierry,Ascione,R,19810117.0,FRA,188.0,Q546733
103694,Olivier,Rochus,R,19810118.0,BEL,168.0,Q312511
103699,Fred,Hemmes,R,19810128.0,NED,183.0,Q719304
103700,Juan Pablo,Guzman,L,19810129.0,ARG,178.0,Q3106519
103701,Diego,Hartfield,R,19810131.0,ARG,185.0,Q1220458
103702,Stefano,Ianni,R,19810131.0,ITA,,Q3972538
103708,Jaroslav,Pospisil,R,19810209.0,CZE,175.0,Q3496224
103709,Kristian,Pless,R,19810209.0,DEN,188.0,Q715430
103714,Andreas,Vinciguerra,L,19810219.0,SWE,180.0,Q501064
103716,Uros,Vico,R,19810219.0,ITA,188.0,Q4006499
103720,Lleyton,Hewitt,R,19810224.0,AUS,180.0,Q180104
103722,Florent,Serra,R,19810228.0,FRA,180.0,Q315961
103726,Jean Christophe,Faurel,R,19810306.0,FRA,175.0,Q6169065
103730,Jonathan,Marray,R,19810310.0,GBR,183.0,Q455297
103735,Lovro,Zovko,R,19810318.0,CRO,190.0,Q508034
103737,Edgardo,Massa,R,19810322.0,ARG,180.0,Q2879046
103747,Dominik,Meffert,R,19810409.0,GER,198.0,Q84816
103751,Jonas,Froberg,U,19810411.0,SWE,,Q107352633
103752,Simon,Greul,R,19810413.0,GER,185.0,Q60498
103754,Mark,Hilton,L,19810420.0,GBR,170.0,Q6768052
103758,Taylor,Dent,R,19810424.0,USA,188.0,Q53407
103761,Tomas,Cakl,R,19810425.0,CZE,178.0,Q2740811
103763,Martin,Slanar,R,19810501.0,AUT,,Q6776609
103781,Jurgen,Melzer,L,19810522.0,AUT,183.0,Q223549
103786,Nikolay,Davydenko,R,19810602.0,RUS,178.0,Q191736
103789,Irakli,Labadze,L,19810609.0,GEO,188.0,Q2126952
103794,Benjamin,Becker,R,19810616.0,GER,178.0,Q77176
103799,Eric,Prodon,R,19810627.0,FRA,178.0,Q288327
103808,Potito,Starace,R,19810714.0,ITA,188.0,Q317964
103812,Victor,Hanescu,R,19810721.0,ROU,198.0,Q316378
103813,Jarkko,Nieminen,L,19810723.0,FIN,185.0,Q10270
103817,Yu Jr,Wang,L,19810801.0,CHN,,
103819,Roger,Federer,R,19810808.0,SUI,185.0,Q1426
103821,Danai,Udomchoke,R,19810811.0,THA,173.0,Q175210
103823,Denis,Gremelmayr,L,19810816.0,GER,183.0,Q60738
103830,Shao Xuan,Zeng,R,19810829.0,CHN,185.0,Q2639575
103835,Filippo,Volandri,R,19810905.0,ITA,183.0,Q344765
103837,Didac,Perez,R,19810907.0,ESP,178.0,Q5274061
103843,Marco,Chiudinelli,R,19810910.0,SUI,185.0,Q523802
103849,Francesco,Aldi,R,19810917.0,ITA,175.0,Q3749518
103850,Sebastian,Decoud,L,19810918.0,ARG,178.0,Q5402547
103852,Feliciano,Lopez,L,19810920.0,ESP,188.0,Q223695
103857,Igor,Kunitsyn,R,19810930.0,RUS,180.0,Q365191
103863,Mikhail,Elgin,R,19811014.0,RUS,183.0,Q520836
103868,Ivan,Navarro,R,19811019.0,ESP,183.0,Q507913
103888,Mardy,Fish,R,19811209.0,USA,188.0,Q53422
103893,Paolo,Lorenzi,R,19811215.0,ITA,183.0,Q708313
103894,Phillip,King,R,19811219.0,USA,175.0,Q7185722
103898,Julien,Benneteau,R,19811220.0,FRA,185.0,Q313402
103900,David,Nalbandian,R,19820101.0,ARG,180.0,Q181501
103902,Jan,Mertl,R,19820103.0,CZE,190.0,Q3806913
103908,Paul Henri,Mathieu,R,19820112.0,FRA,185.0,Q310349
103909,Guillermo,Coria,R,19820113.0,ARG,175.0,Q295478
103912,Mario,Radic,R,19820114.0,CRO,188.0,Q3849013
103913,Ian,Flanagan,U,19820115.0,GBR,,Q731353
103917,Nicolas,Mahut,R,19820121.0,FRA,191.0,Q317974
103926,Daniel,Munoz de la Nava,L,19820129.0,ESP,178.0,Q974176
103948,Maximilian,Abel,R,19820228.0,GER,,Q6795694
103967,Michael,Lammer,R,19820325.0,SUI,185.0,Q662627
103970,David,Ferrer,R,19820402.0,ESP,175.0,Q191476
103971,Karol,Beck,R,19820403.0,SVK,180.0,Q355308
103976,Juan Pablo,Brzezicki,R,19820412.0,ARG,178.0,Q3048155
103990,Tommy,Robredo,R,19820501.0,ESP,180.0,Q213199
103997,Lukasz,Kubot,R,19820516.0,POL,191.0,Q345626
103999,Thiago,Alves,R,19820522.0,BRA,178.0,Q1359735
104001,Brian,Wilson,R,19820523.0,USA,190.0,Q4965660
104003,Victor,Crivoi,R,19820525.0,ROU,185.0,Q2732894
104004,Filip,Prpic,R,19820526.0,SWE,173.0,Q5448508
104007,Andre,Ghem,R,19820529.0,BRA,193.0,Q4759919
104010,Dieter,Kindlmann,R,19820603.0,GER,183.0,Q67303
104014,Lee,Childs,R,19820611.0,GBR,,Q4753636
104019,Kristof,Vliegen,R,19820622.0,BEL,193.0,Q374874
104022,Mikhail,Youzhny,R,19820625.0,RUS,183.0,Q219970
104023,Nicolas,Renavand,R,19820625.0,FRA,,Q1986683
104025,Amer,Delic,R,19820630.0,BIH,196.0,Q462949
104026,Joachim,Johansson,R,19820701.0,SWE,198.0,Q353293
104035,Bobby,Reynolds,R,19820717.0,USA,183.0,Q512728
104043,Marc,Lopez,R,19820731.0,ESP,175.0,Q369866
104053,Andy,Roddick,R,19820830.0,USA,188.0,Q54584
104056,Roko,Karanusic,R,19820905.0,CRO,183.0,Q458079
104068,Robby,Ginepri,R,19821007.0,USA,183.0,Q53551
104070,Jesse,Witten,R,19821015.0,USA,178.0,Q1993232
104071,Raven,Klaasen,R,19821016.0,RSA,178.0,Q778206
104076,Jose,Acasuso,R,19821020.0,ARG,190.0,Q299930
104081,Boris,Pashanski,R,19821103.0,SRB,180.0,Q893753
104082,Hiroki,Kondo,R,19821105.0,JPN,178.0,Q13513035
104091,Miguel Angel,Lopez Jaen,R,19821129.0,ESP,188.0,Q6844926
104095,David,Guez,R,19821208.0,FRA,185.0,Q1993828
104098,Dmitry,Tursunov,R,19821212.0,RUS,185.0,Q310376
104112,Benjamin,Balleret,R,19830115.0,MON,185.0,Q2080514
104117,Giovanni,Lapentti,R,19830125.0,ECU,193.0,Q2632825
104121,Tobias,Summerer,R,19830201.0,GER,185.0,Q7811667
104122,Carlos,Berlocq,R,19830203.0,ARG,183.0,Q440468
104136,Santiago,Gonzalez,R,19830224.0,MEX,191.0,Q552678
104149,Adrian,Cruciat,R,19830331.0,ROU,185.0,Q4684958
104154,Paul,Capdeville,R,19830402.0,CHI,190.0,Q444989
104160,Lukas,Dlouhy,R,19830409.0,CZE,185.0,Q355305
104166,Alex,Bogomolov Jr,R,19830423.0,RUS,178.0,Q440482
104167,Todd,Widom,R,19830424.0,USA,,Q7812709
104171,Richard,Bloomfield,R,19830427.0,GBR,185.0,Q4177003
104173,Sam,Warburg,R,19830429.0,USA,190.0,Q4180445
104180,Gilles,Muller,L,19830509.0,LUX,193.0,Q314304
104182,Sasa,Tuksar,R,19830512.0,CRO,180.0,Q7429514
104195,Simone,Vagnozzi,R,19830530.0,ITA,173.0,Q1637195
104196,Carlos,Cuadrado,R,19830601.0,ESP,180.0,Q2939323
104198,Guillermo,Garcia Lopez,R,19830604.0,ESP,188.0,Q304724
104209,Rainer,Eitzinger,R,19830628.0,AUT,178.0,Q3929654
104214,Igor,Andreev,R,19830714.0,RUS,185.0,Q296183
104216,Maximo,Gonzalez,R,19830720.0,ARG,173.0,Q512199
104217,Simon,Stadler,L,19830720.0,GER,183.0,Q90583
104219,Stephane,Bohli,R,19830725.0,SUI,185.0,Q669565
104224,Travis,Rettenmaier,R,19830806.0,USA,188.0,Q519294
104225,Jan,Hajek,R,19830807.0,CZE,180.0,Q942494
104226,Bastian,Knittel,L,19830808.0,GER,180.0,Q107961
104227,Augustin,Gensse,R,19830810.0,FRA,180.0,Q3496211
104229,Yen Hsun,Lu,R,19830814.0,TPE,180.0,Q313144
104230,Daniel,Koellerer,R,19830817.0,AUT,180.0,Q460410
104250,Prakash,Amritraj,R,19831002.0,IND,188.0,Q2634193
104252,Florian,Mayer,R,19831005.0,GER,190.0,Q77170
104256,Clement,Reix,U,19831009.0,FRA,,Q23831313
104259,Philipp,Kohlschreiber,R,19831016.0,GER,178.0,Q77149
104261,Peng,Sun,R,19831019.0,CHN,,Q3505907
104262,Flavio,Cipolla,R,19831020.0,ITA,173.0,Q185462
104268,Alejandro,Falla,L,19831114.0,COL,185.0,Q357215
104269,Fernando,Verdasco,L,19831115.0,ESP,188.0,Q191740
104273,Edouard,Roger-Vasselin,R,19831128.0,FRA,185.0,Q274441
104281,Ryler,Deheart,L,19840103.0,USA,183.0,Q2178260
104291,Malek,Jaziri,R,19840120.0,TUN,185.0,Q440477
104292,Izak,Van Der Merwe,R,19840126.0,RSA,196.0,Q940577
104294,Hao,Lu,R,19840130.0,CHN,,
104297,Rogerio,Dutra Silva,R,19840203.0,BRA,178.0,Q600087
104305,Luka,Gregorc,R,19840214.0,SLO,,Q3499403
104308,Michal,Przysiezny,R,19840216.0,POL,185.0,Q1425199
104311,Leonardo,Tavares,R,19840220.0,POR,185.0,Q548542
104312,Andreas,Seppi,R,19840221.0,ITA,190.0,Q319572
104314,Brian,Dabul,L,19840224.0,ARG,170.0,Q717438
104327,Steve,Darcis,R,19840313.0,BEL,178.0,Q164531
104330,Rajeev,Ram,R,19840318.0,USA,193.0,Q555660
104332,Philipp,Petzschner,R,19840324.0,GER,185.0,Q77180
104338,Juan,Monaco,R,19840329.0,ARG,185.0,Q294888
104339,Mario,Ancic,R,19840330.0,CRO,196.0,Q295811
104349,Rui,Machado,R,19840410.0,POR,178.0,Q440127
104360,Adam,Chadaj,L,19840501.0,POL,178.0,Q9139415
104371,Ivo,Minar,R,19840521.0,CZE,183.0,Q285125
104372,Alex,Bogdanovic,L,19840522.0,GBR,183.0,Q1391396
104379,Todd,Reid,R,19840603.0,AUS,180.0,Q971772
104383,Diogo,Rocha,R,19840614.0,POR,,Q24702884
104386,Janko,Tipsarevic,R,19840622.0,SRB,180.0,Q210012
104392,Franco,Ferreiro,R,19840701.0,BRA,188.0,Q922130
104397,Laurent,Recouderc,R,19840710.0,FRA,178.0,Q1808140
104417,Robin,Soderling,R,19840814.0,SWE,193.0,Q192801
104424,Go,Soeda,R,19840905.0,JPN,178.0,Q373544
104433,Frank,Dancevic,R,19840926.0,CAN,185.0,Q462457
104453,Michael,Ryderstedt,L,19841112.0,SWE,188.0,Q955375
104460,Dustin,Brown,R,19841208.0,JAM,196.0,Q77159
104467,Lamine,Ouahab,R,19841222.0,ALG,185.0,Q1801569
104468,Gilles,Simon,R,19841227.0,FRA,183.0,Q212833
104471,Ivan,Dodig,R,19850102.0,CRO,183.0,Q324515
104476,Louk,Sorensen,R,19850107.0,IRL,175.0,Q3495542
104477,Jorge,Aguilar,R,19850108.0,CHI,178.0,Q1703751
104494,Adrian,Ungur,R,19850125.0,ROU,178.0,Q374499
104495,Florin,Mergea,R,19850126.0,ROU,180.0,Q3074323
104499,Jimmy,Wang,R,19850208.0,TPE,178.0,Q515714
104500,Somdev,Devvarman,R,19850213.0,IND,180.0,Q337656
104505,Konstantin,Kravchuk,R,19850223.0,RUS,190.0,Q6429974
104515,Mathieu,Montcourt,R,19850304.0,FRA,183.0,Q556709
104516,Arnau,Brugues Davi,L,19850305.0,ESP,183.0,Q2944541
104523,Frederico,Gil,R,19850324.0,POR,173.0,Q356907
104527,Stan,Wawrinka,R,19850328.0,SUI,183.0,Q193661
104534,Dudi,Sela,R,19850404.0,ISR,175.0,Q311014
104542,Jo-Wilfried,Tsonga,R,19850417.0,FRA,188.0,Q192661
104545,John,Isner,R,19850426.0,USA,208.0,Q53566
104547,Horacio,Zeballos,L,19850427.0,ARG,188.0,Q512651
104548,Brian,Baker,R,19850430.0,USA,190.0,Q53329
104559,Teymuraz,Gabashvili,R,19850523.0,RUS,185.0,Q337763
104563,Luca,Vanni,R,19850604.0,ITA,198.0,Q6695985
104571,Marcos,Baghdatis,R,19850617.0,CYP,183.0,Q207084
104579,Romain,Jouan,R,19850716.0,FRA,183.0,Q3502027
104586,Lukas,Rosol,R,19850724.0,CZE,193.0,Q29059
104589,Chris,Guccione,L,19850730.0,AUS,201.0,Q356041
104592,Ilija,Bozoljac,R,19850802.0,SRB,193.0,Q561970
104593,Daniel,Gimeno Traver,R,19850807.0,ESP,185.0,Q457051
104594,Marinko,Matosevic,R,19850808.0,AUS,194.0,Q122745
104597,Nicolas,Almagro,R,19850821.0,ESP,183.0,Q244983
104607,Tomas,Berdych,R,19850917.0,CZE,196.0,Q193665
104619,Jesse,Huta Galung,R,19851006.0,NED,188.0,Q923841
104620,Simone,Bolelli,R,19851008.0,ITA,183.0,Q315970
104623,Josh,Goodall,R,19851017.0,GBR,188.0,Q178133
104628,Alexander,Kudryavtsev,R,19851026.0,RUS,183.0,Q1890409
104629,Adrian,Menendez Maceiras,R,19851028.0,ESP,185.0,Q377925
104633,Mathieu,Rodrigues,R,19851107.0,FRA,180.0,Q6787224
104635,Robert,Smeets,L,19851110.0,AUS,188.0,Q2603422
104639,Wayne,Odesnik,L,19851121.0,USA,180.0,Q45658
104651,Martin,Alund,R,19851226.0,ARG,183.0,Q4552516
104655,Pablo,Cuevas,R,19860101.0,URU,180.0,Q358651
104660,Sergiy,Stakhovsky,R,19860106.0,UKR,193.0,Q211636
104661,Pierre Ludovic,Duclos,R,19860108.0,CAN,188.0,Q4451230
104665,Pablo,Andujar,R,19860123.0,ESP,180.0,Q373571
104667,Philipp,Oswald,R,19860123.0,AUT,201.0,Q875723
104672,Vincent,Millot,L,19860130.0,FRA,173.0,Q507351
104676,Andreas,Beck,L,19860205.0,GER,190.0,Q60704
104678,Viktor,Troicki,R,19860210.0,SRB,193.0,Q148225
104681,Sebastian,Rieschick,R,19860215.0,GER,,Q105579
104695,Fritz,Wolmarans,R,19860307.0,RSA,,Q5505046
104707,Denis,Matsukevitch,R,19860328.0,RUS,190.0,Q5257378
104714,Julian,Reister,R,19860402.0,GER,188.0,Q63080
104717,Brendan,Evans,R,19860408.0,USA,188.0,Q4960884
104719,Marcel,Granollers,R,19860412.0,ESP,191.0,Q314348
104721,Josselin,Ouanna,R,19860414.0,FRA,193.0,Q974275
104724,Eduardo,Schwank,R,19860423.0,ARG,183.0,Q369854
104731,Kevin,Anderson,R,19860518.0,RSA,203.0,Q299956
104735,Tobias,Kamke,R,19860521.0,GER,180.0,Q77145
104738,Caio,Zampieri,R,19860527.0,BRA,183.0,Q5017638
104745,Rafael,Nadal,L,19860603.0,ESP,185.0,Q10132
104753,Woong Sun,Jun,R,19860614.0,KOR,190.0,Q6311572
104755,Richard,Gasquet,R,19860618.0,FRA,183.0,Q209436
104760,Scott,Oudsema,R,19860701.0,USA,190.0,Q7436991
104763,Rafael,Arevalo,R,19860704.0,ESA,180.0,Q1690736
104770,Martin,Fischer,R,19860721.0,AUT,180.0,Q384215
104779,Jamie,Baker,R,19860805.0,GBR,183.0,Q1681378
104783,Mikhail,Ledovskikh,R,19860808.0,RUS,188.0,Q6849598
104792,Gael,Monfils,R,19860901.0,FRA,193.0,Q186429
104797,Denis,Istomin,R,19860907.0,UZB,185.0,Q317961
104804,Amir,Weintraub,R,19860916.0,ISR,188.0,Q3525392
104812,Scoville,Jenkins,R,19860923.0,USA,188.0,Q2261476
104813,Grega,Zemlja,R,19860929.0,SLO,183.0,Q515727
104816,Karan,Rastogi,R,19861008.0,IND,178.0,Q1728940
104850,Jonathan,Dasnieres De Veigy,L,19870105.0,FRA,175.0,Q552048
104851,Gianluca,Naso,R,19870106.0,ITA,193.0,Q3105231
104857,Robert,Farah,R,19870120.0,COL,193.0,Q1355458
104864,Alex,Kuznetsov,R,19870205.0,USA,183.0,Q383985
104868,James,Ward,R,19870209.0,GBR,190.0,Q959602
104869,Sergei,Bubka,R,19870210.0,UKR,188.0,Q748596
104871,Jeremy,Chardy,R,19870212.0,FRA,188.0,Q176577
104873,Aleksandr,Nedovyesov,R,19870215.0,KAZ,188.0,Q7086270
104882,Blaz,Kavcic,R,19870305.0,SLO,188.0,Q373612
104890,Andreas,Haider Maurer,R,19870322.0,AUT,190.0,Q497813
104897,Matthias,Bachinger,R,19870402.0,GER,188.0,Q77164
104898,Robin,Haase,R,19870406.0,NED,191.0,Q441037
104907,Jose Rubin,Statham,R,19870425.0,NZL,180.0,Q6279557
104914,Ervin,Eleskovic,R,19870508.0,SWE,,Q5396027
104918,Andy,Murray,R,19870515.0,GBR,191.0,Q10125
104919,Leonardo,Mayer,R,19870515.0,ARG,188.0,Q33249
104925,Novak,Djokovic,R,19870522.0,SRB,188.0,Q5812
104926,Fabio,Fognini,R,19870524.0,ITA,178.0,Q251980
104932,Kenny,De Schepper,L,19870529.0,FRA,203.0,Q180146
104947,Marsel,Ilhan,R,19870611.0,TUR,191.0,Q369878
104948,Petar,Jelenic,R,19870613.0,CRO,,Q7171709
104958,Carsten,Ball,L,19870620.0,AUS,198.0,Q552672
104963,Yannick,Mertens,R,19870625.0,BEL,185.0,Q3065798
104965,Pavol,Cervenak,R,19870701.0,SVK,191.0,Q555645
104967,Alexander,Sadecky,L,19870706.0,SUI,193.0,Q4720013
104970,Matteo,Viola,R,19870707.0,ITA,188.0,Q2460787
104976,Ryan,Sweeting,R,19870714.0,USA,196.0,Q54679
104978,Daniel,Brands,R,19870717.0,GER,196.0,Q60717
104979,Andrey,Golubev,R,19870722.0,KAZ,180.0,Q455454
104997,Igor,Sijsling,R,19870818.0,NED,191.0,Q323883
104999,Mischa,Zverev,L,19870822.0,GER,190.0,Q60289
105004,Dimitar,Kutrovsky,R,19870827.0,BUL,175.0,Q552688
105011,Illya,Marchenko,R,19870908.0,UKR,185.0,Q715773
105015,Franko,Skugor,R,19870920.0,CRO,196.0,Q3502012
105023,Sam,Querrey,R,19871007.0,USA,198.0,Q54538
105028,Jesse,Levine,L,19871015.0,CAN,175.0,Q54533
105030,Michael,Venus,R,19871016.0,NZL,191.0,Q6835083
105032,Sam,Groth,R,19871019.0,AUS,193.0,Q1284978
105041,Lukas,Lacko,R,19871103.0,SVK,185.0,Q440514
105047,Tim,Puetz,R,19871119.0,GER,185.0,Q15133598
105051,Matthew,Ebden,R,19871126.0,AUS,188.0,Q515677
105052,Chris,Eaton,R,19871127.0,GBR,188.0,Q3675478
105053,Santiago,Giraldo,R,19871127.0,COL,188.0,Q357335
105062,Mikhail,Kukushkin,R,19871226.0,KAZ,183.0,Q459166
105063,Andrea,Arnaboldi,L,19871227.0,ITA,180.0,Q1112775
105064,Thomaz,Bellucci,L,19871230.0,BRA,188.0,Q312345
105065,Tim,Smyczek,R,19871230.0,USA,175.0,Q25623
105074,Ruben,Bemelmans,L,19880114.0,BEL,183.0,Q718187
105077,Albert,Ramos,L,19880117.0,ESP,188.0,Q459158
105079,Ivan,Sergeyev,R,19880120.0,UKR,175.0,Q9010136
105080,Miloslav,Mecir Jr,R,19880120.0,SVK,190.0,Q369243
105095,Evgeny,Korolev,R,19880214.0,KAZ,185.0,Q357131
105098,Alexandre,Sidorenko,R,19880218.0,FRA,185.0,Q2834043
105099,Antonio,Veic,R,19880218.0,CRO,180.0,Q605602
105113,Patrik,Rosenholm,R,19880305.0,SWE,178.0,Q18127609
105122,Karlis,Lejnieks,R,19880316.0,LAT,,Q6454286
105128,Guillermo,Olaso,U,19880325.0,ESP,175.0,Q4298647
105132,Jurgen,Zopp,R,19880329.0,EST,190.0,Q519950
105137,Pere,Riba,R,19880407.0,ESP,183.0,Q457055
105138,Roberto,Bautista Agut,R,19880414.0,ESP,183.0,Q966542
105147,Tatsuma,Ito,R,19880518.0,JPN,180.0,Q708345
105149,Reda,El Amrani,R,19880519.0,MAR,185.0,Q1770757
105154,Joao,Souza,R,19880527.0,BRA,193.0,Q970533
105155,Pedro,Sousa,R,19880527.0,POR,180.0,Q2498113
105161,Yann,Marti,R,19880607.0,SUI,173.0,Q15427287
105163,Gleb,Sakharov,R,19880610.0,FRA,185.0,Q33133363
105166,Peter,Polansky,R,19880615.0,CAN,180.0,Q1943147
105173,Adrian,Mannarino,L,19880629.0,FRA,180.0,Q373522
105181,Miljan,Zekic,R,19880712.0,SRB,185.0,Q6857944
105194,Nick,Lindahl,R,19880731.0,AUS,183.0,Q3292704
105208,Ernests,Gulbis,R,19880830.0,LAT,190.0,Q295866
105216,Yuichi,Sugita,R,19880918.0,JPN,173.0,Q1358841
105217,Thiemo,De Bakker,R,19880919.0,NED,193.0,Q512712
105223,Juan Martin,del Potro,R,19880923.0,ARG,198.0,Q180535
105226,Attila,Balazs,R,19880927.0,HUN,180.0,Q758074
105227,Marin,Cilic,R,19880928.0,CRO,198.0,Q245241
105238,Alexandr,Dolgopolov,R,19881107.0,UKR,180.0,Q311906
105254,Nikola,Mektic,R,19881224.0,CRO,183.0,Q7035585
105269,Marcelo,Demoliner,R,19890118.0,BRA,191.0,Q2158099
105270,Maxime,Teixeira,R,19890118.0,FRA,188.0,Q1913896
105286,Greg,Jones,R,19890131.0,AUS,190.0,Q3291950
105292,Alejandro,Gonzalez,R,19890207.0,COL,190.0,Q4714552
105300,Sergio,Gutierrez Ferrol,R,19890305.0,ESP,,Q7454285
105302,Ante,Pavic,R,19890307.0,CRO,196.0,Q15856663
105311,Joao,Sousa,R,19890330.0,POR,185.0,Q1338865
105318,Thomas,Schoorel,L,19890408.0,NED,203.0,Q1886686
105332,Benoit,Paire,R,19890508.0,FRA,196.0,Q246542
105339,Yan,Bai,R,19890521.0,CHN,185.0,Q4843150
105341,Thomas,Fabbiano,R,19890526.0,ITA,173.0,Q3990614
105357,John,Millman,R,19890614.0,AUS,183.0,Q2152388
105359,Jason,Jung,R,19890615.0,TPE,180.0,Q16300924
105373,Martin,Klizan,L,19890711.0,SVK,191.0,Q19399
105376,Peter,Gojowczyk,R,19890715.0,GER,188.0,Q91615
105379,Aljaz,Bedene,R,19890718.0,SLO,181.0,Q1271168
105385,Donald,Young,L,19890723.0,USA,183.0,Q54694
105404,Michael,Mcclune,R,19890822.0,USA,188.0,Q555637
105406,Roberto,Marcora,R,19890830.0,ITA,193.0,Q17274692
105413,Andrej,Martin,R,19890920.0,SVK,183.0,Q2498702
105430,Radu,Albot,R,19891111.0,MDA,175.0,Q7281705
105432,Prajnesh,Gunneswaran,L,19891112.0,IND,188.0,Q29210278
105438,Inigo,Cervantes Huegun,R,19891130.0,ESP,180.0,Q291871
105441,John Patrick,Smith,L,19890124.0,AUS,188.0,Q559777
105449,Steve,Johnson,R,19891224.0,USA,188.0,Q53569
105453,Kei,Nishikori,R,19891229.0,JPN,178.0,Q311222
105454,Brydan,Klein,R,19891231.0,AUS,183.0,Q3646157
105472,Nils,Langer,R,19900125.0,GER,193.0,Q1558976
105477,Marco,Trungelliti,R,19900131.0,ARG,178.0,Q3183203
105487,Facundo,Bagnis,L,19900227.0,ARG,183.0,Q1391764
105512,Alexander,Sarkissian,R,19900403.0,USA,191.0,Q20643204
105526,Jan Lennard,Struff,R,19900425.0,GER,193.0,Q1681537
105539,Evgeny,Donskoy,R,19900509.0,RUS,185.0,Q619669
105542,Bastian,Trinker,R,19900511.0,AUT,191.0,Q20643224
105550,Guido,Pella,L,19900517.0,ARG,183.0,Q336862
105554,Daniel,Evans,R,19900523.0,GBR,175.0,Q4847264
105558,Guillaume,Rufin,R,19900526.0,FRA,188.0,Q237347
105561,Alessandro,Giannessi,L,19900530.0,ITA,185.0,Q304117
105572,Austin,Krajicek,L,19900616.0,USA,188.0,Q4823160
105573,Henri,Kontinen,R,19900619.0,FIN,191.0,Q13538
105575,Ricardas,Berankis,R,19900621.0,LTU,175.0,Q557827
105577,Vasek,Pospisil,R,19900623.0,CAN,193.0,Q440531
105583,Dusan,Lajovic,R,19900630.0,SRB,183.0,Q551295
105585,Ze,Zhang,R,19900704.0,CHN,188.0,Q8070429
105589,Gerald,Melzer,L,19900713.0,AUT,188.0,Q1509951
105596,Jan,Satral,R,19900724.0,CZE,185.0,Q20643206
105613,Norbert,Gombos,R,19900813.0,SVK,193.0,Q15836985
105614,Bradley,Klahn,L,19900820.0,USA,183.0,Q772382
105633,Mohamed,Safwat,R,19900919.0,EGY,180.0,Q16608398
105634,Viktor,Galovic,R,19900919.0,ITA,193.0,Q17632661
105641,Blaz,Rola,L,19901005.0,SLO,193.0,Q883242
105643,Federico,Delbonis,L,19901005.0,ARG,193.0,Q367654
105649,Cedrik Marcel,Stebe,L,19901009.0,GER,183.0,Q77169
105650,Marcus,Willis,L,19901009.0,GBR,191.0,Q16302555
105655,Hiroki,Moriya,R,19901016.0,JPN,168.0,Q2418165
105657,Marius,Copil,R,19901017.0,ROU,191.0,Q523725
105668,Jerzy,Janowicz,R,19901113.0,POL,203.0,Q29063
105671,Gastao,Elias,R,19901124.0,POR,180.0,Q1619484
105676,David,Goffin,R,19901207.0,BEL,180.0,Q19406
105677,Nikola,Cacic,R,19901207.0,SRB,183.0,Q7035708
105678,Axel,Michon,L,19901216.0,FRA,176.0,Q16301090
105683,Milos,Raonic,R,19901227.0,CAN,196.0,Q312343
105723,Andrey,Kuznetsov,R,19910222.0,RUS,183.0,Q501662
105731,Steven,Diez,R,19910317.0,CAN,175.0,Q13512839
105732,Pierre Hugues,Herbert,R,19910318.0,FRA,188.0,Q2093033
105733,Rhyne,Williams,R,19910322.0,USA,185.0,Q1094017
105777,Grigor,Dimitrov,R,19910516.0,BUL,191.0,Q337681
105806,Mirza,Basic,R,19910712.0,BIH,188.0,Q6874826
105807,Pablo,Carreno Busta,R,19910712.0,ESP,188.0,Q7121592
105815,Tennys,Sandgren,R,19910722.0,USA,188.0,Q7700510
105819,Guido,Andreozzi,R,19910805.0,ARG,183.0,Q2316401
105826,Alejandro,Gomez Gb42,R,19910814.0,COL,188.0,Q20740904
105841,Lorenzo,Giustino,R,19910910.0,ITA,180.0,Q14755492
105842,Di,Wu,R,19910914.0,CHN,175.0,Q3423639
105870,Yannick,Hanfmann,R,19911113.0,GER,193.0,Q29628209
105872,Christian,Lindell,R,19911120.0,SWE,193.0,Q5109859
105874,Albano,Olivetti,R,19911124.0,FRA,203.0,Q549297
105877,Emilio,Gomez,R,19911128.0,ECU,185.0,Q14565694
105881,Matthew,Barton,R,19911218.0,AUS,191.0,Q4471497
105882,Stefano,Travaglia,R,19911228.0,ITA,185.0,Q3972751
105894,Javier,Marti,R,19920111.0,ESP,,Q596825
105902,James,Duckworth,R,19920121.0,AUS,183.0,Q1336011
105905,Danilo,Petrovic,R,19920124.0,SRB,203.0,Q23907381
105906,Kevin,Krawietz,R,19920124.0,GER,188.0,Q6396729
105916,Marton,Fucsovics,R,19920208.0,HUN,188.0,Q649333
105917,Gianni,Mina,R,19920209.0,FRA,185.0,Q2405968
105930,Daniel,Kosakowski,R,19920221.0,USA,185.0,Q5217825
105932,Nikoloz,Basilashvili,R,19920223.0,GEO,185.0,Q16297666
105933,Roberto,Quiroz,L,19920223.0,ECU,193.0,Q5405365
105934,Chuhan,Wang,R,19920224.0,CHN,188.0,Q18211762
105936,Filip,Krajinovic,R,19920227.0,SRB,185.0,Q178244
105943,Federico,Gaio,R,19920305.0,ITA,178.0,Q16735393
105948,Federico,Coria,R,19920309.0,ARG,180.0,Q27306789
105952,Renzo,Olivo,R,19920315.0,ARG,178.0,Q2758092
105960,Evan,King,L,19920325.0,USA,185.0,Q16300779
105963,Arthur,De Greef,R,19920327.0,BEL,183.0,Q17994043
105967,Henri,Laaksonen,R,19920331.0,SUI,185.0,Q13185
105985,Darian,King,R,19920426.0,BAR,188.0,Q16941915
105992,Ryan,Harrison,R,19920507.0,USA,185.0,Q53563
106000,Damir,Dzumhur,R,19920520.0,BIH,175.0,Q1158544
106005,Constant,Lestienne,R,19920523.0,FRA,180.0,Q16300830
106026,Yuki,Bhambri,R,19920704.0,IND,185.0,Q1391241
106032,Facundo,Arguello,R,19920804.0,ARG,178.0,Q5429102
106034,Yasutaka,Uchiyama,R,19920805.0,JPN,183.0,Q15660946
106043,Diego,Schwartzman,R,19920816.0,ARG,170.0,Q5274812
106044,Nicolas,Kicker,R,19920816.0,ARG,178.0,Q19868533
106045,Denis,Kudla,R,19920817.0,USA,180.0,Q1187478
106053,Philip,Davydenko,R,19920902.0,RUS,183.0,Q17364263
106058,Jack,Sock,R,19920924.0,USA,191.0,Q54663
106065,Marco,Cecchinato,R,19920930.0,ITA,185.0,Q13360044
106071,Bernard,Tomic,R,19921021.0,AUS,196.0,Q288326
106072,Alexey,Vatutin,R,19921027.0,RUS,178.0,Q21623230
106075,Jozef,Kovalik,R,19921104.0,SVK,183.0,Q12768184
106078,Egor,Gerasimov,R,19921111.0,BLR,196.0,Q18549907
106099,Salvatore,Caruso,R,19921215.0,ITA,185.0,Q16941640
106105,Guilherme,Clezar,R,19921231.0,BRA,183.0,Q627023
106109,Alex,Bolt,L,19930105.0,AUS,183.0,Q3462853
106110,Filip,Horansky,R,19930107.0,SVK,175.0,Q5448480
106120,Ricardo,Ojeda Lara,R,19930126.0,ESP,180.0,Q23668535
106121,Taro,Daniel,R,19930127.0,JPN,191.0,Q15714673
106137,Tristan,Lamasine,R,19930305.0,FRA,183.0,Q16300796
106148,Roberto,Carballes Baena,R,19930323.0,ESP,183.0,Q16146051
106162,Franco,Agamenone,R,19930415.0,ITA,191.0,Q43301688
106177,Oriol,Roca Batalla,R,19930430.0,ESP,175.0,Q20670785
106186,Jason,Kubler,R,19930519.0,AUS,178.0,Q6162896
106187,Denis,Yevseyev,R,19930522.0,KAZ,188.0,Q56250314
106198,Hugo,Dellien,R,19930616.0,BOL,180.0,Q5904441
106207,Mate,Pavic,L,19930704.0,CRO,191.0,Q1588571
106210,Jiri,Vesely,L,19930710.0,CZE,198.0,Q2481933
106214,Oscar,Otte,R,19930716.0,GER,193.0,Q29559367
106216,Bjorn,Fratangelo,R,19930719.0,USA,183.0,Q3657277
106218,Marcos,Giron,R,19930724.0,USA,180.0,Q17478053
106220,Dimitar,Kuzmanov,R,19930728.0,BUL,183.0,Q12061061
106223,Aleksandre,Metreveli,R,19930810.0,GEO,183.0,Q23771732
106225,Andrew,Whittington,R,19930811.0,AUS,188.0,Q4758903
106228,Juan Ignacio,Londero,R,19930815.0,ARG,180.0,Q15665498
106233,Dominic,Thiem,R,19930903.0,AUT,185.0,Q88762
106234,Aslan,Karatsev,R,19930904.0,RUS,185.0,Q18546813
106243,Mate,Delic,R,19930929.0,CRO,196.0,Q15867270
106249,Joao,Domingues,R,19931005.0,POR,178.0,Q19560368
106261,Dennis,Novikov,R,19931106.0,USA,193.0,Q2045570
106281,Liam,Broady,L,19940104.0,GBR,183.0,Q2965183
106283,Mitchell,Krueger,R,19940112.0,USA,188.0,Q16941929
106288,Mathias,Bourgue,R,19940118.0,FRA,188.0,Q17071396
106290,Filip,Peliwo,R,19940130.0,POL,180.0,Q1619331
106291,Luke,Saville,R,19940102.0,AUS,188.0,Q1475869
106293,Kimmer,Coppejans,R,19940207.0,BEL,178.0,Q1856953
106296,Gregoire,Barrere,R,19940216.0,FRA,183.0,Q24228674
106298,Lucas,Pouille,R,19940223.0,FRA,185.0,Q13403768
106302,Andrew,Harris,R,19940307.0,AUS,183.0,Q16209408
106310,Alexander,Ritschard,R,19940324.0,SUI,193.0,Q15782265
106328,Christian,Harrison,R,19940529.0,USA,180.0,Q2167386
106329,Thiago,Monteiro,L,19940531.0,BRA,183.0,Q16301147
106331,Christopher,Oconnell,R,19940603.0,AUS,183.0,Q28151675
106353,Pedja,Krstin,R,19940903.0,SRB,183.0,Q16587689
106361,Adam,Pavlasek,R,19941008.0,CZE,185.0,Q5181660
106368,Ramkumar,Ramanathan,R,19941108.0,IND,188.0,Q15759429
106378,Kyle,Edmund,R,19950108.0,GBR,188.0,Q6451141
106390,Matteo,Donati,R,19950228.0,ITA,185.0,Q16577123
106393,Frederico,Ferreira Silva,L,19950318.0,POR,178.0,Q5499229
106398,Pedro,Cachin,R,19950412.0,ARG,185.0,Q19560184
106401,Nick,Kyrgios,R,19950427.0,AUS,193.0,Q3720084
106408,Mario,Vilella Martinez,R,19950703.0,ESP,178.0,Q23668766
106415,Yoshihito,Nishioka,L,19950927.0,JPN,170.0,Q16735453
106420,Gianluigi,Quinzi,L,19960201.0,ITA,191.0,Q920053
106421,Daniil,Medvedev,R,19960211.0,RUS,198.0,Q21622022
106423,Thanasi,Kokkinakis,R,19960410.0,AUS,193.0,Q3784554
106426,Cristian,Garin,R,19960530.0,CHI,185.0,Q4252035
106432,Borna,Coric,R,19961114.0,CRO,188.0,Q14905846
109054,Daniel,Masur,R,19941106.0,GER,183.0,Q25915757
109303,Stefano,Napolitano,R,19950411.0,ITA,196.0,Q16676852
109686,Riccardo,Bonadio,R,19930713.0,ITA,180.0,Q31293913
109739,Maximilian,Marterer,L,19950615.0,GER,188.0,Q17364412
110536,Kevin,King,L,19910228.0,USA,191.0,Q15707484
110602,Dennis,Novak,R,19930828.0,AUT,183.0,Q16942082
110748,Nikola,Milojevic,R,19950619.0,SRB,188.0,Q3597180
111153,Christopher,Eubanks,R,19960505.0,USA,201.0,Q24817523
111187,Kaichi,Uchida,R,19940823.0,JPN,180.0,Q16769804
111190,Zhizhen,Zhang,R,19961016.0,CHN,193.0,Q21623382
111200,Elias,Ymer,R,19960410.0,SWE,185.0,Q17405398
111202,Hyeon,Chung,R,19960519.0,KOR,188.0,Q13616024
111442,Jordan,Thompson,R,19940420.0,AUS,183.0,Q16219277
111453,Mikael,Torpegaard,R,19940508.0,DEN,193.0,Q21067280
111454,Li,Tu,R,19960527.0,AUS,183.0,Q105620742
111456,Mackenzie,Mcdonald,R,19950416.0,USA,178.0,Q14657983
111460,Quentin,Halys,R,19961026.0,FRA,191.0,Q18001228
111505,Enzo,Couacaud,R,19950301.0,FRA,183.0,Q15618609
111511,Noah,Rubin,R,19960221.0,USA,175.0,Q17581428
111513,Laslo,Djere,R,19950602.0,SRB,188.0,Q18098061
111575,Karen,Khachanov,R,19960521.0,RUS,198.0,Q16568576
111576,Sumit,Nagal,R,19970816.0,IND,178.0,Q20665358
111577,Jared,Donaldson,R,19961009.0,USA,188.0,Q17580039
111578,Stefan,Kozlov,R,19980201.0,USA,183.0,Q17364378
111581,Michael,Mmoh,R,19980110.0,USA,188.0,Q17612636
111790,Brayden,Schnur,R,19950704.0,CAN,193.0,Q17478269
111794,Kamil,Majchrzak,R,19960113.0,POL,180.0,Q14840592
111797,Nicolas,Jarry,R,19951011.0,CHI,201.0,Q16466282
111805,Seong Chan,Hong,R,19970630.0,KOR,175.0,Q18921918
111815,Cameron,Norrie,L,19950823.0,GBR,188.0,Q23668736
117353,Duck Hee,Lee,R,19980529.0,KOR,175.0,Q18637624
117356,Cem,Ilkel,R,19950821.0,TUR,185.0,Q19560809
117357,Omar,Jasika,L,19970518.0,AUS,183.0,Q18001365
117358,Harry,Bourchier,R,19960124.0,AUS,185.0,Q105195500
117360,Marc,Polmans,R,19970502.0,AUS,188.0,Q19059583
117361,Akira,Santillan,R,19970522.0,AUS,180.0,Q25999882
120424,Yannick,Maden,R,19891028.0,GER,185.0,Q27663343
121531,Mats,Moraing,L,19920620.0,GER,198.0,Q47472512
122298,Botic,Van De Zandschulp,R,19951004.0,NED,191.0,Q28038578
122330,Alexander,Bublik,R,19970617.0,KAZ,196.0,Q23678983
122548,Edan,Leshem,R,19970319.0,ISR,183.0,Q19668502
122554,David,Jorda Sanchis,R,19940614.0,ESP,198.0,
122669,Juan Pablo,Varillas,R,19951006.0,PER,185.0,Q23039577
123755,Daniel Elahi,Galan,R,19960618.0,COL,191.0,Q20740881
123795,Altug,Celikbilek,R,19960907.0,TUR,183.0,Q25477819
123809,Ivan,Gakhov,L,19961104.0,RUS,191.0,Q55183492
123828,Jan,Choinski,R,19960610.0,GBR,196.0,Q24328305
123896,Matija,Pecotic,L,19890703.0,CRO,185.0,Q106206782
123921,Calvin,Hemery,R,19950128.0,FRA,191.0,Q20740948
124014,Ernesto,Escobedo,R,19960704.0,MEX,185.0,Q17626628
124079,Pedro,Martinez,R,19970426.0,ESP,185.0,Q52063672
124116,Sebastian,Ofner,R,19960512.0,AUT,191.0,Q31171456
124186,Alexandre,Muller,R,19970201.0,FRA,183.0,Q29960092
124187,Reilly,Opelka,R,19970828.0,USA,211.0,Q20655502
125802,Ilya,Ivashka,R,19940224.0,BLR,193.0,Q23039320
126094,Andrey,Rublev,R,19971020.0,RUS,188.0,Q17373391
126106,Ryan,Peniston,L,19951110.0,GBR,180.0,Q100906747
126120,Nino,Serdarusic,R,19961213.0,CRO,191.0,Q18127899
126127,Benjamin,Bonzi,R,19960609.0,FRA,183.0,Q18125349
126128,Roman,Safiullin,R,19970807.0,RUS,185.0,Q18637944
126129,Billy,Harris,R,19950125.0,GBR,193.0,
126149,Gianluca,Mager,R,19941201.0,ITA,188.0,Q29918444
126156,Antoine,Hoang,R,19951104.0,FRA,183.0,Q49562573
126203,Taylor,Fritz,R,19971028.0,USA,196.0,Q17660516
126205,Tommy,Paul,R,19970517.0,USA,185.0,Q20050871
126207,Frances,Tiafoe,R,19980120.0,USA,188.0,Q17305299
126214,Alejandro,Tabilo,L,19970602.0,CHI,188.0,Q65159701
126237,Gian Marco,Moroni,R,19980213.0,ITA,185.0,Q59330301
126239,Arthur,Rinderknech,R,19950723.0,FRA,196.0,Q54007388
126409,Hugo,Grenier,R,19960323.0,FRA,196.0,Q104682253
126504,Andrea,Pellegrino,R,19970323.0,ITA,185.0,Q55363920
126523,Bernabe,Zapata Miralles,R,19970112.0,ESP,183.0,Q53871081
126535,Carlos,Taberner,R,19970808.0,ESP,183.0,Q23678987
126555,Tung Lin,Wu,R,19980512.0,TPE,188.0,Q39842892
126610,Matteo,Berrettini,R,19960412.0,ITA,196.0,Q29918446
126623,Alexander,Erler,R,19971027.0,AUT,193.0,Q25003614
126627,Johan,Nikles,R,19970323.0,SUI,173.0,Q25999876
126646,Tim,Van Rijthoven,R,19970424.0,NED,188.0,Q21067406
126652,Jay,Clarke,R,19980727.0,GBR,183.0,Q30612606
126663,Juan Pablo,Ficovich,R,19970124.0,ARG,191.0,Q84251799
126774,Stefanos,Tsitsipas,R,19980812.0,GRE,193.0,Q24450982
126845,Max,Purcell,R,19980403.0,AUS,185.0,Q26130049
126846,Aleksandar,Vukic,R,19960406.0,AUS,188.0,Q47090843
126952,Soon Woo,Kwon,R,19971202.0,KOR,180.0,Q28673930
127157,Daniel,Altmaier,R,19980912.0,GER,188.0,Q30005211
127339,Borna,Gojo,R,19980227.0,CRO,196.0,Q56223431
127760,Lukas,Klein,R,19980322.0,SVK,193.0,Q105477017
128034,Hubert,Hurkacz,R,19970211.0,POL,196.0,Q18927958
131905,Manuel,Guinard,R,19951115.0,FRA,198.0,Q64167707
131934,Andrea,Vavassori,R,19950505.0,ITA,193.0,Q43677815
132283,Lorenzo,Sonego,R,19950511.0,ITA,191.0,Q24061220
132686,Nuno,Borges,R,19970219.0,POR,185.0,Q106238976
133018,Michail,Pervolarakis,R,19960606.0,GRE,193.0,Q67276374
133297,Yosuke,Watanuki,R,19980412.0,JPN,180.0,Q23771664
133430,Denis,Shapovalov,L,19990415.0,CAN,185.0,Q20979382
133835,Gijs,Brouwer,L,19960314.0,NED,191.0,
133975,Benjamin,Hassan,R,19950204.0,LBN,183.0,Q47543757
134457,Nicolas,Moreno De Alboran,R,19970714.0,USA,185.0,
134472,Antoine,Bellier,L,19961018.0,SUI,196.0,Q25999878
134770,Casper,Ruud,R,19981222.0,NOR,183.0,Q18810082
134868,Tallon,Griekspoor,R,19960702.0,NED,188.0,Q28777443
136440,Dominik,Koepfer,L,19940429.0,GER,180.0,Q37535155
144642,Tomas,Barrios Vera,R,19971210.0,CHI,191.0,Q28674037
144645,Zdenek,Kolar,R,19961009.0,CZE,183.0,Q23678982
144684,Alex,Molcan,L,19971201.0,SVK,178.0,Q73247665
144707,Mikael,Ymer,R,19980909.0,SWE,183.0,Q20788534
144719,Jaume,Munar,R,19970505.0,ESP,183.0,Q17274717
144750,Lloyd,Harris,R,19970224.0,RSA,193.0,Q23039257
144760,Amine,Ahouda,R,19970911.0,MAR,185.0,Q23772543
144797,Carl,Soderlund,R,19970603.0,SWE,188.0,Q25841125
144817,Marc Andrea,Huesler,L,19960624.0,SUI,196.0,Q42310179
144821,Genaro Alberto,Olivieri,R,19980804.0,ARG,175.0,
144869,Tomas Martin,Etcheverry,R,19990718.0,ARG,196.0,Q104728520
144870,Federico Agustin,Gomez,R,19961126.0,ARG,191.0,
144895,Corentin,Moutet,L,19990419.0,FRA,180.0,Q30078104
144923,Louis,Wessels,R,19980827.0,GER,198.0,Q25841115
200000,Felix,Auger Aliassime,R,20000808.0,CAN,193.0,Q20752045
200005,Ugo,Humbert,L,19980626.0,FRA,188.0,Q54007306
200059,Yibing,Wu,R,19991014.0,CHN,183.0,Q28137186
200095,Nicola,Kuhn,R,20000320.0,GER,185.0,Q30221465
200116,Camilo,Ugo Carabelli,R,19990617.0,ARG,185.0,Q106207380
200175,Miomir,Kecmanovic,R,19990831.0,SRB,183.0,Q22005752
200218,Mate,Valkusz,R,19980813.0,HUN,183.0,Q22338780
200221,Alejandro,Davidovich Fokina,R,19990605.0,ESP,183.0,Q33084529
200240,Vit,Kopriva,R,19970615.0,CZE,178.0,Q102423530
200247,Alexandar,Lazarov,R,19971106.0,BUL,191.0,Q23008009
200259,Ugo,Blanchet,R,19990105.0,FRA,175.0,
200267,Zizou,Bergs,R,19990603.0,BEL,185.0,Q100700157
200282,Alex,De Minaur,R,19990217.0,AUS,183.0,Q22958938
200303,Pavel,Kotov,R,19981118.0,RUS,191.0,Q85322897
200318,Yu Hsiou,Hsu,R,19990402.0,TPE,178.0,Q28534179
200325,Emil,Ruusuvuori,R,19990402.0,FIN,188.0,Q28493468
200335,Felipe,Meligeni Alves,R,19980219.0,BRA,185.0,Q26924390
200374,Nicolas,Alvarez Varona,R,20010518.0,ESP,188.0,Q60238563
200384,Hugo,Gaston,L,20000926.0,FRA,173.0,Q47483451
200390,Kacper,Zuk,R,19990121.0,POL,183.0,Q81106204
200436,Zsombor,Piros,R,19991013.0,HUN,180.0,Q28539570
200443,Adam,Walton,R,19990417.0,AUS,183.0,
200484,Rudolf,Molleker,R,20001026.0,GER,188.0,Q33191522
200514,Jurij,Rodionov,L,19990516.0,AUT,191.0,Q30148749
200516,Patrick,Kypson,R,19991028.0,USA,188.0,Q36511268
200553,Alen,Avidzba,R,20000224.0,RUS,,Q71077532
200572,Nick,Hardt,R,20000920.0,DOM,185.0,Q28674172
200587,Brandon,Holt,R,19980406.0,USA,185.0,
200611,Elliot,Benchetrit,R,19981002.0,MAR,193.0,Q53633809
200615,Alexei,Popyrin,R,19990805.0,AUS,196.0,Q30143529
200624,Sebastian,Korda,R,20000705.0,USA,196.0,Q47500285
200647,Sho,Shimabukuro,R,19970730.0,JPN,180.0,Q105776866
200670,J J,Wolf,R,19981221.0,USA,183.0,Q26799554
200677,Rio,Noguchi,R,19981228.0,JPN,168.0,Q106362909
202058,Thiago Agustin,Tirante,R,20010410.0,ARG,185.0,Q64747475
202090,Adrian,Andreev,R,20010512.0,BUL,175.0,Q47536566
202103,Francisco,Cerundolo,R,19980813.0,ARG,185.0,Q61709770
202104,Sebastian,Baez,R,20001228.0,ARG,170.0,Q47396310
202195,Maxime,Cressy,R,19970508.0,USA,201.0,Q60582900
202235,Jacopo,Berrettini,R,19981127.0,ITA,193.0,Q106398314
202260,Henri,Squire,R,20000927.0,GER,196.0,
202261,Otto,Virtanen,R,20010621.0,FIN,193.0,Q55641350
202320,Beibit,Zhukayev,R,20001012.0,KAZ,198.0,
202358,Chun Hsin,Tseng,R,20010808.0,TPE,175.0,Q47516746
202385,Jenson,Brooksby,R,20001026.0,USA,188.0,Q56073233
202400,Alastair,Gray,R,19980622.0,GBR,193.0,Q65587040
205734,Thiago,Seyboth Wild,R,20000310.0,BRA,185.0,Q50198692
206173,Jannik,Sinner,R,20010816.0,ITA,191.0,Q54812588
206499,Aleksandar,Kovacevic,R,19980829.0,USA,183.0,Q108523625
206681,Fabian,Marozsan,R,19991008.0,HUN,193.0,
206703,Paul,Jubb,R,19991031.0,GBR,180.0,Q64746573
206748,Giulio,Zeppieri,L,20011207.0,ITA,183.0,Q56526313
206909,Brandon,Nakashima,R,20010803.0,USA,188.0,Q60676610
207182,Emilio,Nava,R,20011202.0,USA,185.0,Q60990844
207213,Duje,Ajdukovic,R,20010205.0,CRO,188.0,Q106147194
207352,Bu,Yunchaokete,R,20020119.0,CHN,185.0,
207411,Jesper,De Jong,R,20000531.0,NED,180.0,Q60239470
207494,Dalibor,Svrcina,R,20021002.0,CZE,178.0,Q60238030
207518,Lorenzo,Musetti,R,20020303.0,ITA,185.0,Q54813043
207608,Timofey,Skatov,R,20010121.0,KAZ,175.0,Q47013799
207678,Juan Manuel,Cerundolo,L,20011115.0,ARG,183.0,Q105636111
207680,Facundo,Diaz Acosta,L,20001215.0,ARG,183.0,Q57268922
207681,Francisco,Comesana,R,20001006.0,ARG,178.0,
207686,Alexander,Shevchenko,R,20001129.0,KAZ,185.0,
207733,Jack,Draper,L,20011222.0,GBR,193.0,Q65030599
207797,Jonas,Forejtek,R,20010310.0,CZE,183.0,Q60980388
207799,Matheus,Pucinelli De Almeida,R,20010401.0,BRA,183.0,Q64746203
207830,Tomas,Machac,R,20001013.0,CZE,183.0,Q61594997
207834,Juan Alejandro,Hernandez Serrano,R,19990623.0,MEX,175.0,
207925,Flavio,Cobolli,R,20020506.0,ITA,183.0,Q64347071
207985,Jacob,Fearnley,R,20010715.0,GBR,183.0,
207989,Carlos,Alcaraz,R,20030505.0,ESP,183.0,Q85518537
208004,Harold,Mayot,R,20020204.0,FRA,180.0,Q81219097
208010,Pablo,Llamas Ruiz,R,20021013.0,ESP,188.0,
208013,Dane,Sweeny,R,20010212.0,AUS,170.0,Q105140724
208014,Rinky,Hijikata,R,20010223.0,AUS,178.0,Q60227425
208029,Holger,Rune,R,20030429.0,DEN,188.0,
208103,Jiri,Lehecka,R,20011108.0,CZE,185.0,Q61415365
208118,Eliot,Spizzirri,R,20011223.0,USA,183.0,Q67186609
208134,Luca,Nardi,R,20030806.0,ITA,185.0,Q100774937
208144,Giles,Hussey,L,19970526.0,GBR,185.0,
208169,Titouan,Droguet,R,20010615.0,FRA,191.0,
208230,Alibek,Kachmazov,R,20020817.0,RUS,185.0,Q71077516
208233,Mattia,Bellucci,L,20010601.0,ITA,175.0,
208260,Zachary,Svajda,R,20021129.0,USA,175.0,Q66391780
208278,Shintaro,Mochizuki,R,20030602.0,JPN,175.0,Q65557249
208279,Alejandro,Moro Canas,R,20001207.0,ESP,183.0,
208286,Matteo,Arnaldi,R,20010222.0,ITA,185.0,
208300,Omni,Kumar,L,20011010.0,USA,173.0,
208361,Gustavo,Heide,R,20020228.0,BRA,191.0,
208363,Mariano,Navone,R,20010227.0,ARG,178.0,
208502,Dominic,Stricker,L,20020816.0,SUI,183.0,
208659,Giovanni,Mpetshi Perricard,R,20030708.0,FRA,203.0,Q107207704
208852,Stefanos,Sakellaridis,R,20040913.0,GRE,196.0,
208859,Francesco,Passaro,R,20010107.0,ITA,180.0,Q106981813
208882,Roman Andres,Burruchaga,R,20020123.0,ARG,183.0,
209070,Arthur,Cazaux,R,20020823.0,FRA,183.0,Q85626140
209098,Hamad,Medjedovic,R,20030718.0,SRB,188.0,Q106962940
209113,Gabriel,Diallo,R,20010924.0,CAN,203.0,
209209,Filip,Misolic,R,20010808.0,AUT,180.0,
209260,Luciano,Darderi,R,20020214.0,ITA,183.0,
209262,Tristan,Schoolkate,R,20010226.0,AUS,183.0,Q105138828
209263,Matteo,Gigante,L,20020104.0,ITA,180.0,
209279,Terence,Atmane,L,20020109.0,FRA,193.0,
209406,Abedallah,Shelbayh,L,20031116.0,JOR,180.0,Q102246554
209409,Coleman,Wong,R,20040606.0,HKG,191.0,Q108498952
209414,Luca,Van Assche,R,20040511.0,FRA,178.0,Q107205896
209857,Leandro,Riedi,R,20020127.0,SUI,191.0,Q84079908
209863,Leo,Borg,R,20030515.0,SWE,183.0,Q97499980
209903,Lukas,Neumayer,R,20020906.0,AUT,183.0,Q107641373
209950,Arthur,Fils,R,20040612.0,FRA,185.0,Q107207693
209976,Dino,Prizmic,R,20050805.0,CRO,188.0,Q106102103
209992,Juncheng,Shang,L,20050202.0,CHN,180.0,
210012,Henrique,Rocha,R,20040406.0,POR,180.0,
210013,Martin,Damm Sr,R,19720801.0,CZE,188.0,Q381173
210097,Ben,Shelton,L,20021009.0,USA,193.0,Q108532383
210136,Mark,Lajal,R,20030512.0,EST,191.0,
210150,Jakub,Mensik,R,20050901.0,CZE,193.0,Q102228055
210319,Ethan,Quinn,R,20040312.0,USA,191.0,
210340,Philip,Sekulic,R,20030905.0,AUS,191.0,
210460,Nishesh,Basavareddy,R,20050502.0,USA,180.0,
210506,Alex,Michelsen,R,20040825.0,USA,193.0,
210530,Learner,Tien,L,20051202.0,USA,180.0,
211346,Andres,Martin,R,20010707.0,USA,183.0,
211514,Justin,Engel,U,20071001.0,GER,,
211663,Joao,Fonseca,R,20060821.0,BRA,185.0,
212021,Martin,Landaluce,R,20060108.0,ESP,191.0,
212044,Yi,Zhou,R,20050314.0,CHN,193.0,
212063,Matej,Dodig,R,20050719.0,CRO,188.0,
