,tourney_id,tourney_name,surface,draw_size,tourney_level,tourney_date,match_num,winner_id,winner_seed,winner_entry,winner_name,winner_hand,winner_ht,winner_ioc,winner_age,loser_id,loser_seed,loser_entry,loser_name,loser_hand,loser_ht,loser_ioc,loser_age,score,best_of,round,minutes,w_ace,w_df,w_svpt,w_1stIn,w_1stWon,w_2ndWon,w_SvGms,w_bpSaved,w_bpFaced,l_ace,l_df,l_svpt,l_1stIn,l_1stWon,l_2ndWon,l_SvGms,l_bpSaved,l_bpFaced,winner_rank,winner_rank_points,loser_rank,loser_rank_points
30,1998-339,Adelaide,Hard,32,A,19980105,31,103720,,WC,Lleyton Hewitt,R,180.0,AUS,16.8,101727,,,Jason Stoltenberg,R,185.0,AUS,27.7,3-6 6-3 7-6(4),3,F,129.0,4.0,3.0,104.0,64.0,42.0,20.0,15.0,7.0,11.0,13.0,5.0,111.0,66.0,48.0,19.0,15.0,6.0,10.0,550.0,43.0,79.0,617.0
61,1998-451,Doha,Hard,32,A,19980105,31,101434,3.0,,Petr Korda,L,190.0,CZE,29.9,102148,8.0,,Fabrice Santoro,R,178.0,FRA,25.0,6-0 6-3,3,F,59.0,0.0,2.0,53.0,21.0,16.0,20.0,8.0,1.0,2.0,0.0,0.0,41.0,27.0,10.0,6.0,7.0,3.0,8.0,13.0,2261.0,29.0,1267.0
92,1998-301,Auckland,Hard,32,A,19980112,31,102701,1.0,,Marcelo Rios,L,175.0,CHI,22.0,101735,,,Richard Fromberg,R,196.0,AUS,27.7,4-6 6-4 7-6(3),3,F,126.0,2.0,4.0,89.0,55.0,41.0,20.0,16.0,0.0,2.0,10.0,0.0,109.0,59.0,43.0,27.0,16.0,3.0,5.0,10.0,2316.0,73.0,631.0
123,1998-338,Sydney Outdoor,Hard,32,A,19980112,31,102344,,,Karol Kucera,R,188.0,SVK,23.8,102450,6.0,,Tim Henman,R,185.0,GBR,23.3,7-5 6-4,3,F,87.0,3.0,9.0,68.0,36.0,30.0,11.0,11.0,4.0,7.0,4.0,2.0,65.0,35.0,25.0,12.0,11.0,5.0,10.0,25.0,1364.0,19.0,1622.0
250,1998-580,Australian Open,Hard,128,G,19980119,127,101434,6.0,,Petr Korda,L,190.0,CZE,29.9,102701,9.0,,Marcelo Rios,L,175.0,CHI,22.0,6-2 6-2 6-2,5,F,85.0,4.0,4.0,85.0,47.0,38.0,18.0,12.0,5.0,6.0,2.0,4.0,77.0,43.0,27.0,8.0,12.0,5.0,12.0,7.0,2495.0,8.0,2446.0
281,1998-496,Marseille,Hard,32,A,19980202,31,102358,6.0,,Thomas Enqvist,R,190.0,SWE,23.8,102338,1.0,,Yevgeny Kafelnikov,R,190.0,RUS,23.9,6-4 6-1,3,F,58.0,5.0,4.0,39.0,11.0,10.0,20.0,8.0,2.0,3.0,6.0,4.0,63.0,35.0,20.0,9.0,9.0,9.0,14.0,29.0,1221.0,7.0,2690.0
312,1998-322,Split,Carpet,32,A,19980202,31,101964,2.0,,Goran Ivanisevic,L,193.0,CRO,26.3,102257,1.0,,Greg Rusedski,L,193.0,GBR,24.4,7-6(3) 7-6(5),3,F,88.0,16.0,2.0,76.0,49.0,39.0,19.0,12.0,0.0,0.0,16.0,7.0,84.0,40.0,35.0,23.0,12.0,1.0,1.0,16.0,1867.0,8.0,2530.0
343,1998-495,Dubai,Hard,32,A,19980209,31,102374,4.0,,Alex Corretja,R,180.0,ESP,23.8,102456,6.0,,Felix Mantilla,R,180.0,ESP,23.3,7-6(0) 6-1,3,F,102.0,5.0,3.0,72.0,48.0,38.0,9.0,10.0,4.0,5.0,1.0,1.0,59.0,35.0,24.0,9.0,9.0,5.0,8.0,10.0,2285.0,15.0,1947.0
374,1998-424,San Jose,Hard,32,A,19980209,31,101736,,WC,Andre Agassi,R,180.0,USA,27.7,101948,1.0,,Pete Sampras,R,185.0,USA,26.4,6-2 6-4,3,F,69.0,2.0,1.0,53.0,32.0,25.0,14.0,9.0,2.0,2.0,17.0,6.0,66.0,40.0,29.0,10.0,9.0,5.0,8.0,71.0,672.0,1.0,3784.0
405,1998-568,St. Petersburg,Carpet,32,A,19980209,31,101990,1.0,,Richard Krajicek,R,196.0,NED,26.1,101820,4.0,,Marc Rosset,R,201.0,SUI,27.2,6-4 7-6(5),3,F,84.0,18.0,3.0,80.0,49.0,42.0,14.0,11.0,3.0,4.0,7.0,4.0,60.0,37.0,32.0,13.0,11.0,1.0,3.0,9.0,2324.0,30.0,1268.0
468,1998-430,Antwerp,Hard,32,A,19980216,31,102257,5.0,,Greg Rusedski,L,193.0,GBR,24.4,101820,,,Marc Rosset,R,201.0,SUI,27.2,7-6(3) 3-6 6-1 6-4,5,F,146.0,23.0,2.0,111.0,58.0,51.0,33.0,19.0,7.0,8.0,8.0,12.0,134.0,70.0,56.0,30.0,19.0,13.0,16.0,9.0,2493.0,26.0,1370.0
515,1998-402,Memphis,Hard,48,A,19980216,47,102882,4.0,,Mark Philippoussis,R,196.0,AUS,21.2,102021,2.0,,Michael Chang,R,175.0,USA,25.9,6-3 6-2,3,F,79.0,16.0,4.0,56.0,33.0,29.0,11.0,9.0,4.0,4.0,5.0,0.0,60.0,39.0,22.0,11.0,8.0,4.0,7.0,16.0,1809.0,5.0,2785.0
546,1998-408,London,Carpet,32,A,19980223,31,102338,3.0,,Yevgeny Kafelnikov,R,190.0,RUS,24.0,101611,,,Cedric Pioline,R,188.0,FRA,28.6,7-5 6-4,3,F,74.0,1.0,1.0,55.0,35.0,28.0,15.0,11.0,4.0,5.0,6.0,2.0,69.0,45.0,32.0,9.0,11.0,5.0,8.0,7.0,2765.0,18.0,1691.0
577,1998-401,Philadelphia,Hard,32,A,19980223,31,101948,1.0,,Pete Sampras,R,185.0,USA,26.5,102358,3.0,,Thomas Enqvist,R,190.0,SWE,23.9,7-5 7-6(3),3,F,84.0,8.0,2.0,70.0,36.0,30.0,20.0,12.0,1.0,3.0,14.0,2.0,64.0,32.0,23.0,18.0,12.0,2.0,5.0,1.0,3700.0,29.0,1293.0
608,1998-407,Rotterdam,Carpet,32,A,19980302,31,101733,,,Jan Siemerink,L,183.0,NED,27.8,102563,,,Thomas Johansson,R,180.0,SWE,22.9,7-6(2) 6-2,3,F,87.0,12.0,1.0,70.0,43.0,31.0,19.0,10.0,8.0,9.0,8.0,0.0,60.0,32.0,23.0,13.0,10.0,3.0,6.0,48.0,896.0,34.0,1078.0
639,1998-433,Scottsdale,Hard,32,A,19980302,31,101736,,WC,Andre Agassi,R,180.0,USA,27.8,101727,,,Jason Stoltenberg,R,185.0,AUS,27.9,6-4 7-6(3),3,F,96.0,1.0,3.0,76.0,50.0,36.0,13.0,11.0,7.0,9.0,3.0,5.0,90.0,56.0,37.0,13.0,11.0,6.0,9.0,50.0,864.0,47.0,900.0
670,1998-481,Copenhagen,Carpet,32,A,19980309,31,101320,2.0,,Magnus Gustafsson,R,185.0,SWE,31.1,102184,,,David Prinosil,R,185.0,GER,24.9,3-6 6-1 6-1,3,F,84.0,5.0,7.0,63.0,35.0,32.0,13.0,11.0,2.0,3.0,8.0,8.0,85.0,45.0,32.0,15.0,12.0,7.0,12.0,37.0,1069.0,121.0,386.0
725,1998-404,Indian Wells Masters,Hard,56,M,19980309,55,102701,7.0,,Marcelo Rios,L,175.0,CHI,22.2,102257,6.0,,Greg Rusedski,L,193.0,GBR,24.5,6-3 6-7(15) 7-6(4) 6-4,5,F,166.0,7.0,0.0,136.0,103.0,85.0,26.0,22.0,3.0,3.0,21.0,12.0,154.0,75.0,66.0,38.0,21.0,3.0,5.0,7.0,2777.0,6.0,2812.0
820,1998-403,Miami Masters,Hard,96,M,19980316,95,102701,3.0,,Marcelo Rios,L,175.0,CHI,22.2,101736,29.0,,Andre Agassi,R,180.0,USA,27.8,7-5 6-3 6-4,5,F,117.0,12.0,2.0,91.0,59.0,46.0,19.0,16.0,0.0,1.0,5.0,4.0,98.0,49.0,40.0,19.0,15.0,8.0,12.0,3.0,3235.0,31.0,1216.0
851,1998-360,Casablanca,Clay,32,A,19980323,31,102247,4.0,,Andrea Gaudenzi,R,183.0,ITA,24.6,102231,,,Alex Calatrava,R,190.0,ESP,24.7,6-4 5-7 6-4,3,F,137.0,0.0,5.0,86.0,52.0,37.0,16.0,16.0,1.0,5.0,6.0,3.0,116.0,73.0,49.0,16.0,16.0,7.0,12.0,57.0,785.0,110.0,444.0
973,1998-891,Chennai,Hard,32,A,19980406,31,102158,1.0,,Patrick Rafter,R,185.0,AUS,25.2,102025,5.0,,Mikael Tillstrom,R,185.0,SWE,26.0,6-3 6-4,3,F,74.0,3.0,2.0,65.0,42.0,30.0,11.0,10.0,7.0,9.0,2.0,6.0,54.0,29.0,12.0,15.0,9.0,3.0,7.0,4.0,3211.0,86.0,546.0
1004,1998-468,Estoril,Clay,32,A,19980406,31,102238,3.0,,Alberto Berasategui,R,173.0,ESP,24.7,101404,6.0,,Thomas Muster,L,180.0,AUT,30.5,3-6 6-1 6-3,3,F,87.0,3.0,4.0,76.0,56.0,34.0,11.0,12.0,2.0,6.0,1.0,1.0,75.0,43.0,25.0,13.0,13.0,5.0,12.0,18.0,1637.0,30.0,1258.0
1035,1998-336,Hong Kong,Hard,32,A,19980406,31,102202,8.0,,Kenneth Carlsen,L,190.0,DEN,24.9,101647,,,Byron Black,R,175.0,ZIM,28.4,6-2 6-0,3,F,72.0,5.0,2.0,37.0,19.0,18.0,9.0,7.0,3.0,4.0,2.0,3.0,59.0,36.0,15.0,9.0,7.0,6.0,12.0,76.0,603.0,80.0,579.0
1090,1998-425,Barcelona,Clay,56,A,19980413,55,101774,,,Todd Martin,R,198.0,USA,27.7,102238,7.0,,Alberto Berasategui,R,173.0,ESP,24.7,6-2 1-6 6-3 6-2,5,F,120.0,10.0,6.0,104.0,61.0,48.0,15.0,16.0,9.0,13.0,2.0,4.0,103.0,73.0,43.0,13.0,16.0,8.0,15.0,65.0,703.0,16.0,1820.0
1145,1998-329,Tokyo,Hard,56,A,19980413,55,102318,16.0,,Andrei Pavel,R,183.0,ROU,24.2,101647,10.0,,Byron Black,R,175.0,ZIM,28.5,6-3 6-4,3,F,60.0,3.0,1.0,60.0,35.0,26.0,16.0,10.0,2.0,3.0,1.0,0.0,52.0,34.0,25.0,7.0,9.0,4.0,7.0,109.0,439.0,67.0,682.0
1204,1998-410,Monte Carlo Masters,Clay,56,M,19980420,55,102845,14.0,,Carlos Moya,R,190.0,ESP,21.6,101611,10.0,,Cedric Pioline,R,188.0,FRA,28.8,6-3 6-0 7-5,5,F,117.0,5.0,1.0,79.0,49.0,31.0,17.0,14.0,3.0,7.0,1.0,6.0,90.0,50.0,21.0,16.0,13.0,11.0,20.0,18.0,1727.0,16.0,1771.0
1235,1998-717,Orlando,Clay,32,A,19980420,31,101793,3.0,,Jim Courier,R,185.0,USA,27.6,102021,1.0,,Michael Chang,R,175.0,USA,26.1,7-5 3-6 7-5,3,F,164.0,3.0,4.0,108.0,70.0,54.0,17.0,16.0,7.0,9.0,13.0,1.0,103.0,61.0,46.0,20.0,17.0,4.0,7.0,57.0,841.0,12.0,2035.0
1266,1998-409,Atlanta,Clay,32,A,19980427,31,101948,1.0,,Pete Sampras,R,185.0,USA,26.7,101727,2.0,,Jason Stoltenberg,R,185.0,AUS,28.0,6-7(2) 6-3 7-6(4),3,F,160.0,7.0,5.0,116.0,71.0,55.0,25.0,17.0,6.0,7.0,15.0,13.0,153.0,82.0,58.0,36.0,16.0,14.0,16.0,1.0,3632.0,42.0,950.0
1297,1998-308,Munich,Clay,32,A,19980427,31,102358,7.0,,Thomas Enqvist,R,190.0,SWE,24.1,101736,8.0,,Andre Agassi,R,180.0,USA,27.9,6-7(4) 7-6(6) 6-3,3,F,139.0,21.0,2.0,118.0,68.0,49.0,25.0,17.0,9.0,12.0,10.0,0.0,111.0,79.0,49.0,17.0,16.0,7.0,11.0,21.0,1574.0,20.0,1589.0
1328,1998-379,Prague,Clay,32,A,19980427,31,101897,,,Fernando Meligeni,L,180.0,BRA,27.0,101792,,,Slava Dosedel,R,183.0,CZE,27.7,6-1 6-4,3,F,80.0,0.0,2.0,58.0,37.0,26.0,9.0,9.0,6.0,8.0,1.0,3.0,59.0,34.0,18.0,9.0,8.0,5.0,10.0,75.0,605.0,47.0,905.0
1391,1998-499,Coral Springs,Clay,32,A,19980504,31,102776,,Q,Andrew Ilie,R,180.0,AUS,22.0,102106,8.0,,Davide Sanguinetti,R,188.0,ITA,25.6,7-5 6-4,3,F,88.0,2.0,5.0,78.0,33.0,25.0,24.0,11.0,8.0,10.0,6.0,1.0,72.0,39.0,28.0,12.0,11.0,2.0,6.0,169.0,271.0,83.0,574.0
1446,1998-414,Hamburg Masters,Clay,56,M,19980504,55,102610,,,Albert Costa,R,180.0,ESP,22.8,102374,4.0,,Alex Corretja,R,180.0,ESP,24.0,6-2 6-0 1-0 RET,3,F,72.0,0.0,0.0,50.0,41.0,30.0,5.0,8.0,4.0,5.0,1.0,2.0,50.0,25.0,12.0,7.0,8.0,3.0,9.0,26.0,1308.0,9.0,2202.0
1509,1998-416,Rome Masters,Clay,64,M,19980511,63,102701,3.0,,Marcelo Rios,L,175.0,CHI,22.3,102610,,,Albert Costa,R,180.0,ESP,22.8,W/O,3,F,,,,,,,,,,,,,,,,,,,,3.0,3200.0,20.0,1729.0
1518,1998-615,Dusseldorf,Clay,32,A,19980518,9,103163,,,Tommy Haas,R,188.0,GER,20.1,101792,,,Slava Dosedel,R,183.0,CZE,27.7,6-1 6-4,3,F,75.0,3.0,2.0,61.0,33.0,23.0,14.0,9.0,3.0,5.0,2.0,1.0,60.0,35.0,17.0,11.0,8.0,8.0,13.0,43.0,903.0,41.0,943.0
1564,1998-306,St. Poelten,Clay,32,A,19980518,31,102701,1.0,,Marcelo Rios,L,175.0,CHI,22.3,102434,,,Vincent Spadea,R,183.0,USA,23.8,6-2 6-0,3,F,51.0,1.0,0.0,44.0,28.0,22.0,8.0,7.0,0.0,1.0,0.0,0.0,37.0,29.0,9.0,2.0,7.0,2.0,8.0,3.0,3348.0,62.0,752.0
1691,1998-520,Roland Garros,Clay,128,G,19980525,127,102845,12.0,,Carlos Moya,R,190.0,ESP,21.7,102374,14.0,,Alex Corretja,R,180.0,ESP,24.1,6-3 7-5 6-3,5,F,133.0,4.0,0.0,93.0,57.0,42.0,21.0,15.0,4.0,6.0,2.0,3.0,111.0,58.0,38.0,22.0,15.0,12.0,18.0,12.0,2042.0,14.0,1989.0
1722,1998-312,Bologna,Clay,32,A,19980608,31,103031,3.0,,Julian Alonso,R,185.0,ESP,20.8,102223,6.0,,Karim Alami,R,185.0,MAR,25.0,6-1 6-4,3,F,57.0,4.0,2.0,52.0,27.0,20.0,15.0,9.0,4.0,5.0,0.0,2.0,47.0,30.0,17.0,6.0,8.0,3.0,7.0,39.0,965.0,56.0,797.0
1753,1998-500,Halle,Grass,32,A,19980608,31,102338,2.0,,Yevgeny Kafelnikov,R,190.0,RUS,24.3,101723,,,Magnus Larsson,R,193.0,SWE,28.2,6-4 6-4,3,F,68.0,11.0,8.0,68.0,38.0,31.0,11.0,10.0,2.0,4.0,7.0,4.0,59.0,34.0,25.0,10.0,10.0,6.0,10.0,7.0,2717.0,51.0,825.0
1808,1998-311,Queen's Club,Grass,56,A,19980608,55,102401,,,Scott Draper,L,178.0,AUS,24.0,102133,,Q,Laurence Tieleman,R,180.0,ITA,25.5,7-6(5) 6-4,3,F,72.0,10.0,1.0,67.0,37.0,31.0,20.0,11.0,0.0,0.0,7.0,3.0,67.0,37.0,33.0,15.0,11.0,1.0,2.0,108.0,456.0,253.0,156.0
1839,1998-741,Nottingham,Grass,32,A,19980615,31,102035,2.0,,Jonas Bjorkman,R,183.0,SWE,26.2,101647,7.0,,Byron Black,R,175.0,ZIM,28.6,6-3 6-2,3,F,56.0,7.0,3.0,48.0,26.0,23.0,9.0,8.0,0.0,1.0,0.0,3.0,46.0,23.0,13.0,11.0,9.0,2.0,7.0,9.0,2480.0,40.0,974.0
1870,1998-440,s Hertogenbosch,Grass,32,A,19980615,31,102158,1.0,,Patrick Rafter,R,185.0,AUS,25.4,210013,,,Martin Damm Sr,R,188.0,CZE,25.8,7-6(2) 6-2,3,F,72.0,12.0,3.0,56.0,37.0,31.0,14.0,10.0,0.0,0.0,3.0,3.0,57.0,35.0,25.0,11.0,10.0,2.0,4.0,6.0,2715.0,,
1997,1998-540,Wimbledon,Grass,128,G,19980622,127,101948,1.0,,Pete Sampras,R,185.0,USA,26.8,101964,14.0,,Goran Ivanisevic,L,193.0,CRO,26.7,6-7(2) 7-6(9) 6-4 3-6 6-2,5,F,172.0,11.0,8.0,174.0,96.0,79.0,44.0,25.0,7.0,9.0,32.0,20.0,230.0,132.0,115.0,34.0,26.0,10.0,14.0,1.0,3779.0,25.0,1284.0
2028,1998-316,Bastad,Clay,32,A,19980706,31,101320,1.0,,Magnus Gustafsson,R,185.0,SWE,31.5,102446,,,Andrei Medvedev,R,193.0,UKR,23.8,6-2 6-3,3,F,62.0,2.0,4.0,54.0,35.0,25.0,11.0,9.0,2.0,3.0,4.0,3.0,60.0,37.0,19.0,11.0,8.0,4.0,8.0,25.0,1316.0,100.0,534.0
2059,1998-314,Gstaad,Clay,32,A,19980706,31,102374,3.0,,Alex Corretja,R,180.0,ESP,24.2,101414,,,Boris Becker,R,190.0,GER,30.6,7-6(5) 7-5 6-3,5,F,145.0,9.0,3.0,97.0,54.0,45.0,27.0,16.0,5.0,5.0,5.0,4.0,106.0,65.0,48.0,21.0,17.0,1.0,4.0,9.0,2530.0,119.0,406.0
2090,1998-315,Newport,Grass,32,A,19980706,31,102233,,,Leander Paes,R,178.0,IND,25.0,102524,,,Neville Godwin,R,173.0,RSA,23.4,6-3 6-2,3,F,72.0,1.0,2.0,52.0,28.0,22.0,13.0,9.0,3.0,5.0,3.0,8.0,69.0,39.0,25.0,9.0,8.0,8.0,13.0,120.0,404.0,170.0,257.0
2233,1998-321,Stuttgart Outdoor,Clay,48,A,19980720,47,102856,13.0,,Gustavo Kuerten,R,190.0,BRA,21.8,102344,5.0,,Karol Kucera,R,188.0,SVK,24.3,4-6 6-2 6-4,3,F,118.0,5.0,2.0,81.0,40.0,31.0,21.0,14.0,3.0,6.0,7.0,8.0,111.0,51.0,30.0,30.0,14.0,12.0,17.0,26.0,1293.0,16.0,1856.0
2288,1998-418,Washington,Hard,56,A,19980720,55,101736,2.0,,Andre Agassi,R,180.0,USA,28.2,102401,14.0,,Scott Draper,L,178.0,AUS,24.1,6-2 6-0,3,F,50.0,5.0,0.0,39.0,28.0,21.0,8.0,7.0,1.0,1.0,4.0,0.0,38.0,15.0,9.0,5.0,7.0,5.0,10.0,18.0,1775.0,71.0,659.0
2335,1998-319,Kitzbuhel,Clay,48,A,19980727,47,102610,3.0,,Albert Costa,R,180.0,ESP,23.0,102247,7.0,,Andrea Gaudenzi,R,183.0,ITA,24.9,6-2 1-6 6-2 3-6 6-1,5,F,161.0,6.0,5.0,115.0,83.0,59.0,13.0,20.0,7.0,12.0,4.0,7.0,147.0,99.0,60.0,21.0,19.0,17.0,24.0,14.0,1978.0,36.0,1040.0
2366,1998-423,Los Angeles,Hard,32,A,19980727,31,101736,5.0,,Andre Agassi,R,180.0,USA,28.2,102450,2.0,,Tim Henman,R,185.0,GBR,23.8,6-4 6-4,3,F,80.0,2.0,2.0,54.0,39.0,28.0,10.0,10.0,0.0,1.0,8.0,7.0,70.0,31.0,24.0,15.0,10.0,5.0,8.0,13.0,2052.0,,
2397,1998-439,Umag,Clay,32,A,19980727,31,102539,7.0,,Bohdan Ulihrach,R,188.0,CZE,23.4,102796,6.0,,Magnus Norman,R,188.0,SWE,22.1,6-3 7-6(0),3,F,89.0,2.0,0.0,67.0,40.0,27.0,17.0,11.0,1.0,4.0,4.0,3.0,68.0,38.0,23.0,11.0,10.0,5.0,9.0,43.0,891.0,47.0,860.0
2428,1998-317,Amsterdam,Clay,32,A,19980803,31,102796,,,Magnus Norman,R,188.0,SWE,22.1,101735,6.0,,Richard Fromberg,R,196.0,AUS,28.2,6-3 6-3 2-6 6-4,5,F,143.0,6.0,1.0,103.0,56.0,36.0,31.0,18.0,4.0,8.0,8.0,3.0,108.0,68.0,48.0,16.0,18.0,4.0,10.0,42.0,902.0,37.0,1057.0
2483,1998-421,Canada Masters,Hard,56,M,19980803,55,102158,3.0,,Patrick Rafter,R,185.0,AUS,25.5,101990,6.0,,Richard Krajicek,R,196.0,NED,26.6,7-6(3) 6-4,3,F,91.0,4.0,2.0,69.0,45.0,34.0,14.0,11.0,1.0,2.0,10.0,3.0,66.0,37.0,25.0,15.0,11.0,3.0,5.0,5.0,2878.0,9.0,2368.0
2538,1998-422,Cincinnati Masters,Hard,56,M,19980810,55,102158,5.0,,Patrick Rafter,R,185.0,AUS,25.6,101948,1.0,,Pete Sampras,R,185.0,USA,26.9,1-6 7-6(2) 6-4,3,F,142.0,9.0,4.0,100.0,69.0,46.0,19.0,14.0,4.0,6.0,20.0,4.0,107.0,59.0,44.0,26.0,15.0,6.0,7.0,3.0,3306.0,2.0,3421.0
2569,1998-475,San Marino,Clay,32,A,19980810,31,103103,3.0,,Dominik Hrbaty,R,183.0,SVK,20.5,103264,,,Mariano Puerta,L,180.0,ARG,19.8,6-2 7-5,3,F,76.0,5.0,2.0,54.0,28.0,21.0,15.0,10.0,4.0,6.0,0.0,1.0,63.0,33.0,20.0,14.0,10.0,7.0,12.0,42.0,928.0,73.0,620.0
2624,1998-419,Indianapolis,Hard,56,A,19980817,55,102374,6.0,,Alex Corretja,R,180.0,ESP,24.3,101736,5.0,,Andre Agassi,R,180.0,USA,28.3,2-6 6-2 6-3,3,F,118.0,7.0,5.0,90.0,47.0,34.0,22.0,13.0,5.0,7.0,2.0,5.0,74.0,50.0,33.0,13.0,12.0,3.0,6.0,11.0,2270.0,8.0,2353.0
2679,1998-420,New Haven,Hard,56,A,19980817,55,102344,7.0,,Karol Kucera,R,188.0,SVK,24.4,101964,8.0,,Goran Ivanisevic,L,193.0,CRO,26.9,6-4 5-7 6-2,3,F,105.0,8.0,2.0,81.0,48.0,39.0,20.0,15.0,2.0,4.0,15.0,10.0,91.0,55.0,41.0,15.0,15.0,7.0,11.0,13.0,2185.0,16.0,1870.0
2710,1998-80,Boston,Hard,32,A,19980824,31,102021,4.0,,Michael Chang,R,175.0,USA,26.5,101235,,WC,Paul Haarhuis,R,188.0,NED,32.5,6-3 6-4,3,F,93.0,2.0,1.0,70.0,35.0,25.0,21.0,10.0,6.0,6.0,1.0,3.0,60.0,26.0,17.0,20.0,9.0,3.0,5.0,22.0,1389.0,85.0,556.0
2741,1998-441,Long Island,Hard,32,A,19980824,31,102158,2.0,,Patrick Rafter,R,185.0,AUS,25.6,102456,8.0,,Felix Mantilla,R,180.0,ESP,23.9,7-6(3) 6-2,3,F,78.0,11.0,2.0,61.0,41.0,37.0,10.0,10.0,1.0,1.0,4.0,4.0,68.0,30.0,23.0,19.0,10.0,7.0,9.0,3.0,3405.0,19.0,1632.0
2868,1998-560,US Open,Hard,128,G,19980831,127,102158,3.0,,Patrick Rafter,R,185.0,AUS,25.6,102882,,,Mark Philippoussis,R,196.0,AUS,21.8,6-3 3-6 6-2 6-0,5,F,,7.0,1.0,94.0,68.0,56.0,15.0,16.0,2.0,3.0,5.0,13.0,135.0,70.0,45.0,23.0,16.0,14.0,20.0,3.0,3577.0,22.0,1468.0
2899,1998-620,Bournemouth,Clay,32,A,19980914,31,102456,3.0,,Felix Mantilla,R,180.0,ESP,23.9,102610,2.0,,Albert Costa,R,180.0,ESP,23.2,6-3 7-5,3,F,88.0,3.0,1.0,57.0,33.0,25.0,17.0,10.0,2.0,3.0,2.0,1.0,63.0,41.0,25.0,12.0,11.0,6.0,10.0,22.0,1468.0,17.0,1743.0
2930,1998-773,Bucharest,Clay,32,A,19980914,31,101532,1.0,,Francisco Clavet,L,183.0,ESP,29.8,103324,,Q,Arnaud Di Pasquale,R,185.0,FRA,19.5,6-4 2-6 7-5,3,F,115.0,5.0,0.0,80.0,55.0,35.0,14.0,15.0,1.0,5.0,2.0,3.0,87.0,64.0,43.0,12.0,15.0,3.0,7.0,31.0,1228.0,138.0,346.0
2961,1998-73,Tashkent,Hard,32,A,19980914,31,102450,2.0,,Tim Henman,R,185.0,GBR,24.0,102338,1.0,,Yevgeny Kafelnikov,R,190.0,RUS,24.5,7-5 6-4,3,F,97.0,12.0,4.0,78.0,46.0,30.0,17.0,11.0,5.0,7.0,4.0,11.0,81.0,36.0,25.0,20.0,11.0,7.0,11.0,11.0,2208.0,10.0,2414.0
3041,1998-604,Grand Slam Cup,Hard,16,A,19980928,11,102701,2.0,,Marcelo Rios,L,175.0,CHI,22.7,101736,,,Andre Agassi,R,180.0,USA,28.4,6-4 2-6 7-6(1) 5-7 6-3,5,F,,,,,,,,,,,,,,,,,,,,3.0,3467.0,8.0,2545.0
3072,1998-573,Mallorca,Clay,32,A,19980928,31,102856,8.0,,Gustavo Kuerten,R,190.0,BRA,22.0,102845,1.0,,Carlos Moya,R,190.0,ESP,22.0,6-7(5) 6-2 6-3,3,F,124.0,7.0,5.0,121.0,64.0,47.0,30.0,15.0,11.0,12.0,6.0,2.0,87.0,45.0,36.0,19.0,14.0,2.0,6.0,25.0,1312.0,5.0,2858.0
3103,1998-327,Toulouse,Hard,32,A,19980928,31,101733,2.0,,Jan Siemerink,L,183.0,NED,28.4,102257,1.0,,Greg Rusedski,L,193.0,GBR,25.0,6-4 6-4,3,F,62.0,4.0,2.0,52.0,37.0,32.0,9.0,10.0,3.0,3.0,9.0,7.0,60.0,36.0,28.0,11.0,10.0,2.0,4.0,20.0,1652.0,14.0,2091.0
3134,1998-328,Basel,Hard,32,A,19981005,31,102450,6.0,,Tim Henman,R,185.0,GBR,24.0,101736,4.0,,Andre Agassi,R,180.0,USA,28.4,6-4 6-3 3-6 6-4,5,F,136.0,19.0,5.0,112.0,64.0,52.0,20.0,19.0,3.0,7.0,7.0,1.0,114.0,73.0,51.0,18.0,19.0,5.0,11.0,11.0,2285.0,8.0,2545.0
3165,1998-325,Palermo,Clay,32,A,19981005,31,103264,,,Mariano Puerta,L,180.0,ARG,20.0,102644,,,Franco Squillari,L,183.0,ARG,23.1,6-3 6-2,3,F,62.0,2.0,1.0,49.0,38.0,23.0,5.0,8.0,4.0,7.0,3.0,7.0,48.0,23.0,11.0,7.0,9.0,2.0,9.0,58.0,727.0,54.0,788.0
3196,1998-890,Shanghai,Carpet,32,A,19981005,31,102021,2.0,,Michael Chang,R,175.0,USA,26.6,101964,1.0,,Goran Ivanisevic,L,193.0,CRO,27.0,4-6 6-1 6-2,3,F,114.0,4.0,1.0,84.0,29.0,23.0,31.0,13.0,4.0,6.0,10.0,8.0,83.0,40.0,29.0,16.0,12.0,8.0,13.0,33.0,1131.0,12.0,2203.0
3227,1998-326,Singapore,Carpet,32,A,19981012,31,102701,1.0,,Marcelo Rios,L,175.0,CHI,22.7,101185,,,Mark Woodforde,L,188.0,AUS,33.0,6-4 6-2,3,F,70.0,4.0,2.0,52.0,27.0,18.0,18.0,9.0,1.0,2.0,2.0,2.0,56.0,29.0,19.0,10.0,9.0,2.0,6.0,3.0,3435.0,91.0,521.0
3258,1998-337,Vienna,Carpet,32,A,19981012,31,101948,1.0,,Pete Sampras,R,185.0,USA,27.1,102344,5.0,,Karol Kucera,R,188.0,SVK,24.6,6-3 7-6(3) 6-1,5,F,127.0,13.0,4.0,101.0,55.0,44.0,25.0,15.0,4.0,5.0,10.0,6.0,98.0,60.0,41.0,15.0,13.0,10.0,14.0,1.0,4015.0,7.0,2646.0
3289,1998-375,Lyon,Carpet,32,A,19981019,31,102374,4.0,,Alex Corretja,R,180.0,ESP,24.5,103163,,,Tommy Haas,R,188.0,GER,20.5,2-6 7-6(6) 6-1,3,F,131.0,10.0,2.0,95.0,64.0,42.0,16.0,13.0,9.0,12.0,9.0,7.0,89.0,49.0,36.0,20.0,14.0,9.0,13.0,7.0,2626.0,53.0,805.0
3320,1998-348,Ostrava,Carpet,32,A,19981019,31,101736,2.0,,Andre Agassi,R,180.0,USA,28.4,102466,,Q,Jan Kroslak,R,188.0,SVK,24.0,6-2 3-6 6-3,3,F,102.0,8.0,2.0,83.0,49.0,38.0,20.0,13.0,1.0,2.0,13.0,3.0,102.0,72.0,48.0,16.0,13.0,9.0,12.0,6.0,2681.0,153.0,307.0
3351,1998-807,Mexico City,Clay,32,A,19981026,31,102562,,,Jiri Novak,R,190.0,CZE,23.5,103598,,Q,Xavier Malisse,R,185.0,BEL,18.2,6-3 6-3,3,F,69.0,3.0,0.0,65.0,42.0,30.0,15.0,9.0,3.0,3.0,3.0,3.0,56.0,30.0,21.0,10.0,9.0,6.0,9.0,98.0,522.0,361.0,92.0
3398,1998-357,Stuttgart Masters,Hard,48,M,19981026,47,101990,11.0,,Richard Krajicek,R,196.0,NED,26.8,102338,10.0,,Yevgeny Kafelnikov,R,190.0,RUS,24.6,6-4 6-3 6-3,5,F,89.0,20.0,1.0,72.0,48.0,45.0,13.0,14.0,0.0,0.0,10.0,5.0,82.0,42.0,32.0,20.0,14.0,2.0,6.0,11.0,2124.0,8.0,2463.0
3429,1998-359,Bogota,Clay,32,A,19981102,31,103151,,,Mariano Zabaleta,R,183.0,ARG,20.6,102887,,,Ramon Delgado,R,185.0,PAR,21.9,6-4 6-4,3,F,64.0,9.0,6.0,57.0,28.0,24.0,19.0,10.0,0.0,0.0,8.0,3.0,55.0,33.0,27.0,9.0,10.0,1.0,3.0,86.0,551.0,68.0,690.0
3476,1998-352,Paris Masters,Carpet,48,M,19981102,47,102257,13.0,,Greg Rusedski,L,193.0,GBR,25.1,101948,1.0,,Pete Sampras,R,185.0,USA,27.2,6-4 7-6(4) 6-3,5,F,105.0,18.0,2.0,92.0,54.0,47.0,24.0,16.0,4.0,5.0,16.0,6.0,87.0,53.0,42.0,17.0,15.0,2.0,5.0,13.0,1929.0,1.0,3990.0
3507,1998-438,Moscow,Carpet,32,A,19981109,31,102338,2.0,,Yevgeny Kafelnikov,R,190.0,RUS,24.7,101964,3.0,,Goran Ivanisevic,L,193.0,CRO,27.1,7-6(2) 7-6(5),3,F,85.0,11.0,4.0,75.0,36.0,30.0,25.0,12.0,1.0,3.0,14.0,1.0,70.0,40.0,34.0,14.0,12.0,0.0,2.0,8.0,2557.0,13.0,1980.0
3538,1998-505,Santiago,Clay,32,A,19981109,31,101532,5.0,,Francisco Clavet,L,183.0,ESP,30.0,101962,,,Younes El Aynaoui,R,193.0,MAR,27.1,6-2 6-4,3,F,64.0,1.0,0.0,48.0,37.0,26.0,9.0,9.0,2.0,3.0,1.0,1.0,56.0,41.0,23.0,8.0,9.0,6.0,10.0,32.0,1072.0,67.0,706.0
3569,1998-429,Stockholm,Hard,32,A,19981109,31,101774,,,Todd Martin,R,198.0,USA,28.3,102563,7.0,,Thomas Johansson,R,180.0,SWE,23.6,6-3 6-4 6-4,5,F,111.0,14.0,6.0,84.0,51.0,40.0,13.0,15.0,3.0,7.0,11.0,6.0,86.0,44.0,30.0,13.0,14.0,2.0,9.0,21.0,1541.0,18.0,1619.0
3576,1998-605,Tour Finals,Hard,64,F,19981123,7,102374,,,Alex Corretja,R,180.0,ESP,24.6,102845,,,Carlos Moya,R,190.0,ESP,22.2,3-6 3-6 7-5 6-3 7-5,5,F,241.0,5.0,5.0,189.0,109.0,71.0,42.0,26.0,16.0,22.0,11.0,5.0,144.0,80.0,62.0,30.0,25.0,6.0,12.0,6.0,2798.0,5.0,2819.0
123,1999-338,Sydney,Hard,32,A,19990111,31,101774,8.0,,Todd Martin,R,198.0,USA,28.5,102374,1.0,,Alex Corretja,R,180.0,ESP,24.7,6-3 7-6(5),3,F,100.0,7.0,3.0,67.0,40.0,34.0,17.0,11.0,1.0,1.0,5.0,2.0,76.0,51.0,35.0,15.0,10.0,6.0,7.0,16.0,1774.0,3.0,3398.0
1323,1999-499,Delray Beach,Clay,32,A,19990503,31,103720,6.0,,Lleyton Hewitt,R,180.0,AUS,18.1,103598,,WC,Xavier Malisse,R,185.0,BEL,18.7,6-4 6-7(2) 6-1,3,F,134.0,4.0,2.0,87.0,56.0,41.0,19.0,15.0,4.0,6.0,7.0,1.0,96.0,48.0,33.0,21.0,14.0,3.0,8.0,55.0,801.0,131.0,355.0
1682,1999-473,Merano,Clay,32,A,19990607,31,102950,,,Fernando Vicente,R,180.0,ESP,22.2,102271,3.0,,Hicham Arazi,L,175.0,MAR,25.6,6-2 3-6 7-6(1),3,F,124.0,2.0,2.0,98.0,66.0,42.0,16.0,15.0,9.0,15.0,0.0,2.0,89.0,58.0,33.0,14.0,14.0,7.0,13.0,62.0,734.0,44.0,947.0
2707,2000-605,Masters Cup,Hard,8,F,20001127,8,102856,,,Gustavo Kuerten,R,190.0,BRA,24.2,101736,,,Andre Agassi,R,180.0,USA,30.5,6-4 6-4 6-4,5,F,126.0,19.0,1.0,98.0,56.0,46.0,22.0,15.0,7.0,7.0,7.0,1.0,88.0,60.0,41.0,15.0,15.0,6.0,9.0,2.0,3545.0,8.0,2265.0
2761,2000-620,Brighton,Hard,32,A,20001120,31,102450,1.0,,Tim Henman,R,185.0,GBR,26.2,103103,2.0,,Dominik Hrbaty,R,183.0,SVK,22.8,6-2 6-2,3,F,84.0,5.0,1.0,59.0,35.0,26.0,13.0,8.0,4.0,4.0,1.0,3.0,57.0,32.0,16.0,13.0,8.0,7.0,11.0,10.0,1955.0,19.0,1300.0
3041,2000-96,Sydney Olympics,Hard,64,A,20000918,63,102338,5.0,,Yevgeny Kafelnikov,R,190.0,RUS,26.5,103163,,,Tommy Haas,R,188.0,GER,22.4,7-6(4) 3-6 6-2 4-6 6-3,5,F,,,,,,,,,,,,,,,,,,,,8.0,2313.0,48.0,814.0
365,2001-321,Stuttgart,Clay,48,A,20010716,47,102856,1.0,,Gustavo Kuerten,R,190.0,BRA,24.8,103084,10.0,,Guillermo Canas,R,185.0,ARG,23.6,6-3 6-2 6-4,5,F,122.0,12.0,4.0,116.0,55.0,42.0,30.0,14.0,11.0,12.0,9.0,3.0,75.0,41.0,28.0,15.0,13.0,1.0,6.0,1.0,4075.0,39.0,914.0
1060,2001-408,Milan,Carpet,32,A,20010129,31,103819,7.0,,Roger Federer,R,185.0,SUI,19.4,102369,,,Julien Boutter,R,190.0,FRA,26.8,6-4 6-7(7) 6-4,3,F,140.0,7.0,4.0,103.0,57.0,38.0,28.0,16.0,2.0,7.0,7.0,11.0,113.0,66.0,42.0,22.0,16.0,7.0,14.0,27.0,1080.0,67.0,609.0
1912,2001-475,Sopot,Clay,32,A,20010723,31,103990,3.0,,Tommy Robredo,R,180.0,ESP,19.2,102287,2.0,,Albert Portas,R,188.0,ESP,27.6,1-6 7-5 7-6(2),3,F,113.0,2.0,1.0,89.0,56.0,36.0,16.0,16.0,2.0,8.0,2.0,2.0,89.0,49.0,33.0,25.0,15.0,1.0,5.0,51.0,740.0,25.0,1140.0
2098,2001-505,Vina del Mar,Clay,32,A,20010212,31,103909,,,Guillermo Coria,R,175.0,ARG,19.0,103292,3.0,,Gaston Gaudio,R,175.0,ARG,22.1,4-6 6-2 7-5,3,F,154.0,2.0,3.0,95.0,49.0,27.0,19.0,15.0,6.0,14.0,0.0,2.0,100.0,62.0,30.0,14.0,15.0,10.0,20.0,69.0,585.0,36.0,945.0
2129,2001-506,Buenos Aires,Clay,32,A,20010219,31,102856,1.0,,Gustavo Kuerten,R,190.0,BRA,24.4,104076,,Q,Jose Acasuso,R,190.0,ARG,18.3,6-1 6-3,3,F,58.0,5.0,1.0,42.0,25.0,22.0,11.0,8.0,2.0,2.0,4.0,2.0,45.0,19.0,15.0,7.0,8.0,5.0,9.0,2.0,4225.0,172.0,222.0
2287,2001-533,Costa Do Sauipe,Hard,32,A,20010910,31,102788,,,Jan Vacek,R,198.0,CZE,25.3,101897,5.0,,Fernando Meligeni,L,180.0,BRA,30.4,2-6 7-6(2) 6-3,3,F,145.0,2.0,3.0,91.0,53.0,33.0,21.0,14.0,3.0,7.0,4.0,5.0,93.0,49.0,34.0,22.0,15.0,3.0,7.0,106.0,390.0,80.0,522.0
2798,2001-717,Houston,Clay,32,A,20010430,31,104053,,WC,Andy Roddick,R,188.0,USA,18.6,102703,8.0,,Hyung Taik Lee,R,180.0,KOR,25.3,7-5 6-3,3,F,67.0,7.0,2.0,49.0,30.0,26.0,15.0,10.0,0.0,0.0,5.0,2.0,67.0,36.0,23.0,17.0,11.0,4.0,7.0,69.0,633.0,81.0,527.0
2922,2001-807,Acapulco,Clay,32,A,20010226,31,102856,1.0,,Gustavo Kuerten,R,190.0,BRA,24.4,102869,,WC,Galo Blanco,R,173.0,ESP,24.3,6-4 6-2,3,F,82.0,11.0,5.0,71.0,44.0,34.0,12.0,9.0,5.0,5.0,8.0,0.0,55.0,38.0,24.0,9.0,9.0,1.0,4.0,1.0,4365.0,116.0,337.0
46,2002-1536,Madrid Masters,Hard,48,M,20021014,47,101736,2.0,,Andre Agassi,R,180.0,USA,32.4,102562,11.0,,Jiri Novak,R,190.0,CZE,27.5,W/O,3,F,,,,,,,,,,,,,,,,,,,,2.0,2875.0,9.0,2080.0
318,2002-317,Amersfoort,Clay,32,A,20020715,31,103428,2.0,,Juan Ignacio Chela,R,190.0,ARG,22.8,102610,1.0,,Albert Costa,R,180.0,ESP,27.0,6-1 7-6(4),3,F,94.0,1.0,2.0,59.0,35.0,25.0,18.0,10.0,1.0,2.0,2.0,0.0,67.0,49.0,27.0,11.0,9.0,3.0,6.0,28.0,1202.0,7.0,2290.0
77,2003-1720,Bangkok,Hard,32,A,20030922,31,103758,8.0,,Taylor Dent,R,188.0,USA,22.4,103507,1.0,,Juan Carlos Ferrero,R,183.0,ESP,23.6,6-3 7-6(5),3,F,99.0,8.0,6.0,82.0,40.0,30.0,25.0,11.0,7.0,8.0,2.0,1.0,73.0,43.0,34.0,13.0,10.0,3.0,5.0,54.0,663.0,1.0,4250.0
676,2003-341,Metz,Hard,32,A,20030929,31,103096,4.0,,Arnaud Clement,R,173.0,FRA,25.7,103602,3.0,,Fernando Gonzalez,R,183.0,CHI,23.1,6-3 1-6 6-3,3,F,103.0,12.0,1.0,82.0,52.0,34.0,22.0,13.0,2.0,4.0,7.0,3.0,74.0,44.0,34.0,13.0,12.0,4.0,6.0,39.0,920.0,26.0,1110.0
2532,2003-573,Valencia,Clay,32,A,20030428,31,103507,1.0,,Juan Carlos Ferrero,R,183.0,ESP,23.2,103294,,,Christophe Rochus,R,170.0,BEL,24.3,6-2 6-4,3,F,66.0,2.0,2.0,51.0,33.0,26.0,12.0,9.0,0.0,0.0,1.0,1.0,63.0,38.0,23.0,13.0,9.0,4.0,7.0,3.0,3210.0,134.0,288.0
2769,2004-747,Beijing,Hard,32,A,20040913,31,103498,5.0,,Marat Safin,R,193.0,RUS,24.6,104022,,,Mikhail Youzhny,R,183.0,RUS,22.2,7-6(4) 7-5,3,F,97.0,8.0,1.0,80.0,53.0,42.0,14.0,12.0,2.0,3.0,3.0,3.0,76.0,47.0,32.0,17.0,12.0,1.0,3.0,13.0,1590.0,35.0,910.0
2956,2004-96,Athens Olympics,Hard,64,A,20040816,63,103454,10.0,,Nicolas Massu,R,183.0,CHI,24.8,103888,,,Mardy Fish,R,188.0,USA,22.6,6-3 3-6 2-6 6-3 6-4,5,F,,,,,,,,,,,,,,,,,,,,14.0,1520.0,35.0,865.0
2897,2005-890,Ho Chi Minh City,Carpet,32,A,20050926,31,102035,,,Jonas Bjorkman,R,183.0,SWE,33.5,103285,3.0,,Radek Stepanek,R,185.0,CZE,26.8,6-3 7-6(4),3,F,84.0,9.0,4.0,63.0,39.0,34.0,16.0,11.0,0.0,0.0,7.0,0.0,66.0,47.0,36.0,10.0,10.0,1.0,2.0,93.0,438.0,16.0,1420.0
108,2006-2276,Zagreb,Carpet,32,A,20060130,31,103344,1.0,,Ivan Ljubicic,R,193.0,CRO,26.8,102905,,Q,Stefan Koubek,L,175.0,AUT,29.0,6-3 6-4,3,F,66.0,10.0,3.0,51.0,35.0,34.0,8.0,10.0,2.0,2.0,1.0,0.0,47.0,29.0,18.0,14.0,9.0,2.0,4.0,5.0,2395.0,179.0,215.0
170,2006-306,Poertschach,Clay,32,A,20060522,31,103786,1.0,,Nikolay Davydenko,R,178.0,RUS,24.9,102318,,,Andrei Pavel,R,183.0,ROU,32.3,6-0 6-3,3,F,63.0,5.0,1.0,36.0,19.0,15.0,13.0,7.0,0.0,0.0,1.0,2.0,61.0,39.0,19.0,9.0,8.0,1.0,6.0,6.0,2295.0,111.0,383.0
785,2006-3465,Mumbai,Hard,32,A,20060925,31,104098,4.0,,Dmitry Tursunov,R,185.0,RUS,23.7,104607,3.0,,Tomas Berdych,R,196.0,CZE,21.0,6-3 4-6 7-6(5),3,F,165.0,9.0,11.0,102.0,53.0,38.0,22.0,16.0,4.0,9.0,7.0,2.0,96.0,56.0,37.0,20.0,15.0,8.0,13.0,22.0,1165.0,13.0,1735.0
1734,2006-433,Las Vegas,Hard,32,A,20060227,31,103484,5.0,,James Blake,R,185.0,USA,26.1,103720,1.0,,Lleyton Hewitt,R,180.0,AUS,25.0,7-5 2-6 6-3,3,F,119.0,5.0,4.0,96.0,47.0,32.0,23.0,14.0,5.0,10.0,3.0,2.0,95.0,56.0,32.0,19.0,15.0,6.0,12.0,21.0,1405.0,10.0,1785.0
1712,2008-475,Warsaw,Clay,32,A,20080609,31,103786,1.0,,Nikolay Davydenko,R,178.0,RUS,27.0,103990,2.0,,Tommy Robredo,R,180.0,ESP,26.1,6-3 6-3,3,F,95.0,3.0,2.0,68.0,44.0,29.0,13.0,9.0,6.0,7.0,2.0,1.0,60.0,42.0,25.0,7.0,9.0,3.0,7.0,4.0,3050.0,19.0,1255.0
2782,2008-96,Beijing Olympics,Hard,64,A,20080811,63,104745,2.0,,Rafael Nadal,L,185.0,ESP,22.1,103602,12.0,,Fernando Gonzalez,R,183.0,CHI,28.0,6-3 7-6(2) 6-3,5,F,143.0,4.0,3.0,87.0,63.0,54.0,15.0,16.0,4.0,4.0,9.0,1.0,107.0,71.0,50.0,14.0,14.0,8.0,10.0,2.0,6305.0,15.0,1340.0
574,2009-339,Brisbane,Hard,32,A,20090104,31,103285,8.0,,Radek Stepanek,R,185.0,CZE,30.1,104269,3.0,,Fernando Verdasco,L,188.0,ESP,25.1,3-6 6-3 6-4,3,F,138.0,3.0,1.0,81.0,41.0,31.0,25.0,14.0,6.0,8.0,1.0,1.0,87.0,75.0,48.0,5.0,14.0,2.0,5.0,26.0,2260.0,15.0,2830.0
1064,2009-414,Hamburg,Clay,48,A,20090719,47,103786,2.0,,Nikolay Davydenko,R,178.0,RUS,28.1,103908,13.0,,Paul Henri Mathieu,R,185.0,FRA,27.5,6-4 6-2,3,F,89.0,3.0,1.0,50.0,39.0,24.0,8.0,9.0,4.0,6.0,1.0,2.0,62.0,31.0,17.0,13.0,9.0,8.0,13.0,12.0,2935.0,39.0,1175.0
1761,2009-5012,Johannesburg,Hard,32,A,20090202,31,104542,1.0,,Jo-Wilfried Tsonga,R,188.0,FRA,23.7,104871,5.0,,Jeremy Chardy,R,188.0,FRA,21.9,6-4 7-6(5),3,F,109.0,16.0,7.0,84.0,37.0,31.0,27.0,11.0,8.0,8.0,11.0,2.0,77.0,44.0,36.0,16.0,11.0,4.0,5.0,14.0,2955.0,61.0,1208.0
1816,2009-5014,Shanghai Masters,Hard,56,M,20091011,55,103786,6.0,,Nikolay Davydenko,R,178.0,RUS,28.3,104745,1.0,,Rafael Nadal,L,185.0,ESP,23.3,7-6(3) 6-3,3,F,123.0,4.0,1.0,76.0,53.0,39.0,12.0,11.0,3.0,4.0,1.0,0.0,61.0,42.0,29.0,9.0,10.0,5.0,7.0,8.0,3710.0,2.0,8945.0
1870,2009-5053,Belgrade,Clay,28,A,20090504,27,104925,1.0,,Novak Djokovic,R,188.0,SRB,21.9,103997,,LL,Lukasz Kubot,R,190.0,POL,26.9,6-3 7-6(0),3,F,110.0,6.0,2.0,69.0,46.0,32.0,14.0,11.0,6.0,9.0,2.0,1.0,61.0,40.0,26.0,7.0,10.0,3.0,7.0,3.0,9670.0,179.0,423.0
2529,2009-6003,Kuala Lumpur,Hard,28,A,20090928,27,103786,1.0,,Nikolay Davydenko,R,178.0,RUS,28.3,104269,2.0,,Fernando Verdasco,L,188.0,ESP,25.8,6-4 7-5,3,F,95.0,2.0,2.0,67.0,44.0,30.0,15.0,11.0,6.0,7.0,8.0,6.0,81.0,46.0,33.0,14.0,11.0,6.0,9.0,8.0,3535.0,9.0,3430.0
2621,2009-741,Eastbourne,Grass,32,A,20090614,31,104098,2.0,,Dmitry Tursunov,R,185.0,RUS,26.5,104433,,Q,Frank Dancevic,R,185.0,CAN,24.7,6-3 7-6(5),3,F,83.0,12.0,2.0,61.0,37.0,32.0,17.0,11.0,0.0,0.0,10.0,2.0,63.0,45.0,35.0,9.0,10.0,2.0,3.0,27.0,1690.0,126.0,621.0
1399,2010-6120,Nice,Clay,28,A,20100516,27,104755,,,Richard Gasquet,R,185.0,FRA,23.9,104269,2.0,,Fernando Verdasco,L,188.0,ESP,26.5,6-3 5-7 7-6(5),3,F,157.0,5.0,5.0,120.0,88.0,52.0,19.0,17.0,4.0,9.0,3.0,3.0,98.0,75.0,48.0,12.0,16.0,6.0,11.0,68.0,715.0,9.0,3645.0
2840,2010-375,Montpellier,Hard,28,A,20101025,27,104792,3.0,,Gael Monfils,R,193.0,FRA,24.1,103344,4.0,,Ivan Ljubicic,R,193.0,CRO,31.6,6-2 5-7 6-1,3,F,112.0,11.0,6.0,95.0,67.0,49.0,12.0,14.0,5.0,7.0,6.0,3.0,74.0,41.0,29.0,14.0,13.0,1.0,6.0,15.0,2325.0,17.0,2100.0
2349,2011-6242,Winston-Salem,Hard,48,A,20110821,47,104545,4.0,,John Isner,R,206.0,USA,26.3,103898,,Q,Julien Benneteau,R,185.0,FRA,29.6,4-6 6-3 6-4,3,F,121.0,19.0,5.0,85.0,61.0,51.0,10.0,15.0,2.0,3.0,6.0,1.0,78.0,47.0,36.0,20.0,14.0,4.0,6.0,28.0,1340.0,113.0,478.0
565,2012-533,Sao Paulo,Clay,28,A,20120213,27,104597,1.0,,Nicolas Almagro,R,183.0,ESP,26.4,103835,,,Filippo Volandri,R,183.0,ITA,30.4,6-3 4-6 6-4,3,F,122.0,18.0,2.0,73.0,42.0,37.0,16.0,14.0,1.0,3.0,0.0,2.0,107.0,77.0,45.0,16.0,15.0,7.0,11.0,11.0,2220.0,69.0,693.0
2193,2012-96,London Olympics,Grass,64,A,20120725,63,104918,3.0,,Andy Murray,R,190.0,GBR,25.1,103819,1.0,,Roger Federer,R,185.0,SUI,30.9,6-2 6-1 6-4,5,F,116.0,5.0,1.0,87.0,44.0,35.0,27.0,13.0,9.0,9.0,9.0,1.0,78.0,51.0,33.0,10.0,12.0,5.0,10.0,4.0,7460.0,1.0,11075.0
646,2014-6932,Rio de Janeiro,Clay,32,A,20140217,31,104745,1.0,,Rafael Nadal,L,185.0,ESP,27.7,105238,,,Alexandr Dolgopolov,R,180.0,UKR,25.2,6-3 7-6(3),3,F,101.0,3.0,0.0,68.0,43.0,34.0,14.0,11.0,3.0,4.0,10.0,1.0,67.0,30.0,22.0,17.0,10.0,1.0,3.0,1.0,14085.0,54.0,860.0
2575,2014-6967,Shenzhen,Hard,28,A,20140922,27,104918,2.0,,Andy Murray,R,190.0,GBR,27.3,103990,4.0,,Tommy Robredo,R,180.0,ESP,32.3,5-7 7-6(9) 6-1,3,F,150.0,10.0,5.0,93.0,55.0,40.0,20.0,15.0,4.0,7.0,4.0,7.0,106.0,64.0,44.0,17.0,16.0,3.0,8.0,11.0,3135.0,22.0,1645.0
319,2015-7161,Quito,Clay,28,A,20150202,27,103607,8.0,,Victor Estrella,R,173.0,DOM,34.5,103852,1.0,,Feliciano Lopez,L,188.0,ESP,33.3,6-2 6-7(5) 7-6(5),3,F,137.0,3.0,2.0,109.0,79.0,60.0,18.0,16.0,5.0,6.0,19.0,4.0,112.0,77.0,54.0,19.0,16.0,4.0,7.0,76.0,674.0,14.0,2220.0
1167,2015-7163,Istanbul,Clay,28,A,20150427,27,103819,1.0,,Roger Federer,R,185.0,SUI,33.7,104655,3.0,,Pablo Cuevas,R,180.0,URU,29.3,6-3 7-6(11),3,F,96.0,7.0,2.0,72.0,51.0,38.0,13.0,11.0,0.0,1.0,3.0,1.0,78.0,52.0,30.0,15.0,10.0,7.0,9.0,2.0,8385.0,23.0,1442.0
1331,2015-322,Geneva,Clay,28,A,20150517,27,105064,,,Thomaz Bellucci,L,188.0,BRA,27.3,105311,6.0,,Joao Sousa,R,185.0,POR,26.1,7-6(4) 6-4,3,F,94.0,4.0,5.0,69.0,42.0,27.0,16.0,11.0,3.0,6.0,3.0,0.0,73.0,55.0,31.0,9.0,11.0,2.0,6.0,60.0,823.0,50.0,903.0
346,2016-7434,Sofia,Hard,32,A,20160201,300,105138,1.0,,Roberto Bautista Agut,R,183.0,ESP,27.8,104678,2.0,,Viktor Troicki,R,193.0,SRB,29.9,6-3 6-4,3,F,82.0,1.0,0.0,53.0,32.0,24.0,13.0,10.0,0.0,1.0,4.0,1.0,65.0,38.0,20.0,16.0,9.0,1.0,4.0,18.0,1775.0,25.0,1475.0
976,2016-0360,Marrakech,Clay,32,A,20160404,300,105643,4.0,,Federico Delbonis,L,190.0,ARG,25.4,106432,3.0,,Borna Coric,R,188.0,CRO,19.3,6-2 6-4,3,F,89.0,4.0,2.0,63.0,41.0,33.0,10.0,9.0,3.0,3.0,3.0,1.0,60.0,35.0,22.0,13.0,9.0,4.0,7.0,47.0,920.0,48.0,910.0
2161,2016-7480,Los Cabos,Hard,32,A,20160808,300,103333,3.0,,Ivo Karlovic,R,208.0,CRO,37.4,103852,1.0,,Feliciano Lopez,L,188.0,ESP,34.8,7-6(5) 6-2,3,F,82.0,21.0,4.0,70.0,43.0,33.0,16.0,10.0,1.0,1.0,5.0,5.0,59.0,37.0,30.0,9.0,10.0,2.0,4.0,24.0,1490.0,18.0,1835.0
2224,2016-O16,Rio Olympics,Hard,64,A,20160808,162,104918,2.0,,Andy Murray,R,190.0,GBR,29.2,105223,,,Juan Martin del Potro,R,198.0,ARG,27.8,7-5 4-6 6-2 7-5 ,5,F,242.0,10.0,6.0,126.0,64.0,46.0,30.0,21.0,6.0,12.0,3.0,2.0,143.0,103.0,64.0,14.0,21.0,14.0,23.0,2.0,10065.0,141.0,410.0
2587,2016-7581,Chengdu,Hard,32,A,20160926,300,111575,,,Karen Khachanov,R,198.0,RUS,20.3,105077,5.0,,Albert Ramos,L,188.0,ESP,28.6,6-7(4) 7-6(3) 6-3,3,F,159.0,14.0,7.0,105.0,53.0,39.0,31.0,17.0,0.0,2.0,6.0,3.0,115.0,64.0,44.0,30.0,16.0,6.0,9.0,101.0,599.0,31.0,1340.0
1179,2017-7648,Budapest,Clay,32,A,20170424,300,106298,1.0,,Lucas Pouille,R,185.0,FRA,23.1,105379,,Q,Aljaz Bedene,R,181.0,SLO,27.7,6-3 6-1,3,F,64.0,5.0,2.0,48.0,26.0,22.0,10.0,8.0,0.0,1.0,3.0,1.0,50.0,30.0,17.0,5.0,8.0,6.0,11.0,14.0,2516.0,68.0,718.0
1694,2017-7650,Antalya,Grass,32,A,20170626,300,105216,,,Yuichi Sugita,R,173.0,JPN,28.7,105173,,,Adrian Mannarino,L,183.0,FRA,28.9,6-1 7-6(4),3,F,89.0,5.0,3.0,66.0,44.0,33.0,8.0,10.0,3.0,5.0,2.0,3.0,61.0,36.0,24.0,9.0,9.0,4.0,8.0,66.0,725.0,62.0,766.0
2887,2017-7696,NextGen Finals,Hard,8,F,20171106,299,111202,6.0,,Hyeon Chung,R,188.0,KOR,21.4,126094,1.0,,Andrey Rublev,R,188.0,RUS,20.0,3-4(5) 4-3(2) 4-2 4-2,3,F,117.0,1.0,3.0,80.0,56.0,43.0,9.0,12.0,7.0,9.0,0.0,4.0,83.0,40.0,24.0,23.0,12.0,6.0,10.0,55.0,889.0,35.0,1284.0
84,2018-0891,Pune,Hard,32,A,20180101,300,104468,,,Gilles Simon,R,183.0,FRA,33.0,104731,2.0,,Kevin Anderson,R,203.0,RSA,31.6,7-6(4) 6-2,3,F,96.0,1.0,1.0,65.0,53.0,39.0,9.0,10.0,4.0,5.0,15.0,2.0,67.0,45.0,28.0,11.0,10.0,5.0,8.0,89.0,610.0,14.0,2480.0
512,2018-0424,New York,Hard,32,A,20180212,300,104731,1.0,,Kevin Anderson,R,203.0,RSA,31.7,105023,2.0,,Sam Querrey,R,198.0,USA,30.3,4-6 6-3 7-6(1),3,F,133.0,16.0,1.0,106.0,75.0,51.0,18.0,16.0,5.0,8.0,9.0,1.0,95.0,63.0,46.0,12.0,15.0,4.0,7.0,11.0,2620.0,12.0,2490.0
266,2019-9158,Cordoba,Clay,32,A,20190204,300,106228,,WC,Juan Ignacio Londero,R,180.0,ARG,25.4,105550,8.0,,Guido Pella,L,185.0,ARG,28.7,3-6 7-5 6-1,3,F,123.0,9.0,3.0,79.0,45.0,39.0,13.0,14.0,3.0,6.0,4.0,2.0,96.0,59.0,42.0,12.0,14.0,7.0,12.0,112.0,498.0,59.0,790.0
2261,2019-9164,Zhuhai,Hard,32,A,20190923,300,200282,7.0,,Alex De Minaur,R,183.0,AUS,20.5,105173,,,Adrian Mannarino,L,183.0,FRA,31.2,7-6(4) 6-4,3,F,125.0,3.0,1.0,65.0,42.0,33.0,17.0,11.0,0.0,0.0,2.0,3.0,89.0,68.0,44.0,10.0,11.0,12.0,13.0,31.0,1360.0,61.0,971.0
0,2020-8888,Atp Cup,Hard,24,A,20200106,300,104925,,,Novak Djokovic,R,188.0,SRB,32.6,104745,,,Rafael Nadal,L,185.0,ESP,33.5,6-2 7-6(4),3,F,115.0,12.0,2.0,64.0,49.0,41.0,9.0,10.0,5.0,5.0,5.0,3.0,70.0,51.0,39.0,6.0,10.0,6.0,8.0,2.0,9055.0,1.0,9985.0
518,2020-6932,ATP Rio de Janeiro,Clay,32,A,20200217,300,106426,3.0,,Cristian Garin,R,185.0,CHI,23.7,126149,,Q,Gianluca Mager,R,185.0,ITA,25.2,7-6(3) 7-5,3,F,94.0,8.0,0.0,82.0,62.0,39.0,13.0,12.0,4.0,6.0,6.0,4.0,77.0,50.0,39.0,8.0,12.0,7.0,10.0,25.0,1550.0,128.0,413.0
819,2020-560,Us Open,Hard,128,G,20200831,226,106233,2.0,,Dominic Thiem,R,185.0,AUT,26.9,100644,5.0,,Alexander Zverev,R,198.0,GER,23.3,2-6 4-6 6-4 6-3 7-6(6),5,F,242.0,8.0,8.0,165.0,103.0,70.0,30.0,26.0,10.0,18.0,15.0,15.0,157.0,101.0,71.0,23.0,24.0,6.0,13.0,3.0,7135.0,7.0,3630.0
1059,2020-9404,Cologne 1,Hard,32,A,20201012,300,100644,1.0,,Alexander Zverev,R,198.0,GER,23.4,200000,3.0,,Felix Auger Aliassime,R,193.0,CAN,20.1,6-3 6-3,3,F,79.0,1.0,5.0,47.0,25.0,20.0,15.0,9.0,2.0,3.0,1.0,3.0,58.0,34.0,20.0,12.0,9.0,6.0,10.0,7.0,4650.0,22.0,2021.0
1086,2020-9408,Sardinia,Clay,32,A,20201012,300,111513,,,Laslo Djere,R,188.0,SRB,25.3,106065,,WC,Marco Cecchinato,R,185.0,ITA,28.0,7-6(3) 7-5,3,F,139.0,3.0,3.0,93.0,62.0,38.0,18.0,12.0,8.0,11.0,1.0,3.0,96.0,67.0,44.0,10.0,12.0,7.0,11.0,74.0,812.0,103.0,671.0
1113,2020-0568,St Petersburg,Hard,32,A,20201012,300,126094,3.0,,Andrey Rublev,R,188.0,RUS,22.9,106432,7.0,,Borna Coric,R,188.0,CRO,23.9,7-6(5) 6-4,3,F,99.0,7.0,1.0,61.0,37.0,32.0,17.0,11.0,0.0,0.0,8.0,4.0,76.0,51.0,41.0,10.0,11.0,2.0,3.0,10.0,2974.0,27.0,1670.0
1144,2020-9406,Cologne 2,Hard,32,A,20201019,300,100644,1.0,,Alexander Zverev,R,198.0,GER,23.4,106043,2.0,,Diego Schwartzman,R,170.0,ARG,28.1,6-2 6-1,3,F,71.0,9.0,0.0,45.0,29.0,24.0,8.0,7.0,1.0,1.0,0.0,5.0,55.0,33.0,21.0,5.0,8.0,3.0,8.0,7.0,4855.0,9.0,3180.0
1171,2020-9410,Nur-Sultan,Hard,32,A,20201026,300,105357,4.0,,John Millman,R,183.0,AUS,31.3,105173,3.0,,Adrian Mannarino,L,183.0,FRA,32.3,7-5 6-1,3,F,108.0,3.0,2.0,70.0,42.0,28.0,19.0,10.0,6.0,6.0,0.0,1.0,62.0,35.0,26.0,9.0,9.0,3.0,6.0,45.0,1166.0,39.0,1296.0
62,2021-0096,Tokyo Olympics,Hard,64,A,20210724,299,100644,4.0,,Alexander Zverev,R,198.0,GER,24.2,111575,12.0,,Karen Khachanov,R,198.0,RUS,25.1,6-3 6-1,3,F,,,,,,,,,,,,,,,,,,,,5.0,7340.0,25.0,2235.0
2295,2021-8998,Great Ocean Road Open,Hard,64,A,20210201,300,206173,4.0,,Jannik Sinner,R,188.0,ITA,19.4,105882,,,Stefano Travaglia,R,185.0,ITA,29.0,7-6(4) 6-4,3,F,128.0,0.0,1.0,83.0,46.0,26.0,24.0,11.0,7.0,10.0,2.0,5.0,95.0,54.0,33.0,17.0,11.0,3.0,7.0,36.0,1464.0,71.0,894.0
2435,2021-9428,Murray River Open,Hard,64,A,20210201,300,105554,8.0,,Daniel Evans,R,175.0,GBR,30.6,200000,3.0,,Felix Auger Aliassime,R,193.0,CAN,20.4,6-2 6-3,3,F,77.0,2.0,2.0,41.0,23.0,17.0,13.0,8.0,0.0,1.0,6.0,4.0,57.0,38.0,22.0,8.0,9.0,3.0,8.0,33.0,1589.0,21.0,2241.0
2489,2021-9462,Marbella,Clay,32,A,20210405,300,105807,1.0,,Pablo Carreno Busta,R,188.0,ESP,29.7,144719,,,Jaume Munar,R,183.0,ESP,23.9,6-1 2-6 6-4,3,F,140.0,1.0,0.0,82.0,64.0,39.0,12.0,13.0,3.0,6.0,6.0,2.0,101.0,65.0,40.0,15.0,12.0,13.0,17.0,15.0,2630.0,95.0,815.0
2516,2021-9481,Cagliari,Clay,32,A,20210405,300,132283,3.0,,Lorenzo Sonego,R,191.0,ITA,25.9,111513,,,Laslo Djere,R,188.0,SRB,25.8,2-6 7-6(5) 6-4,3,F,181.0,1.0,0.0,112.0,76.0,53.0,16.0,15.0,9.0,12.0,5.0,8.0,101.0,58.0,41.0,26.0,15.0,7.0,9.0,34.0,1717.0,57.0,1133.0
2543,2021-9510,Parma,Clay,32,A,20210524,300,200624,,,Sebastian Korda,R,196.0,USA,20.8,106065,,WC,Marco Cecchinato,R,185.0,ITA,28.6,6-2 6-4,3,F,75.0,6.0,4.0,57.0,38.0,31.0,8.0,9.0,1.0,1.0,3.0,1.0,50.0,32.0,21.0,11.0,9.0,3.0,6.0,63.0,1043.0,104.0,773.0
2570,2021-9512,Belgrade 2,Clay,32,A,20210524,300,104925,1.0,,Novak Djokovic,R,188.0,SRB,34.0,144684,,Q,Alex Molcan,L,178.0,SVK,23.4,6-4 6-3,3,F,88.0,2.0,3.0,49.0,27.0,19.0,10.0,10.0,1.0,5.0,1.0,0.0,62.0,36.0,19.0,9.0,9.0,2.0,8.0,1.0,11063.0,255.0,237.0
2597,2021-9569,San Diego,Hard,32,A,20210927,300,134770,2.0,,Casper Ruud,R,183.0,NOR,22.7,111815,,,Cameron Norrie,L,188.0,GBR,26.0,6-0 6-2,3,F,61.0,1.0,0.0,41.0,27.0,20.0,9.0,7.0,0.0,0.0,1.0,2.0,36.0,21.0,10.0,5.0,7.0,1.0,6.0,10.0,3440.0,28.0,1930.0
54,2022-8998,Adelaide 1,Hard,32,A,20220103,300,104792,1.0,,Gael Monfils,R,193.0,FRA,35.3,111575,2.0,,Karen Khachanov,R,198.0,RUS,25.6,6-4 6-4,3,F,79.0,6.0,0.0,51.0,37.0,30.0,11.0,10.0,2.0,2.0,4.0,1.0,62.0,36.0,27.0,12.0,10.0,3.0,5.0,21.0,2158.0,29.0,1731.0
81,2022-9665,Melbourne,Hard,32,A,20220103,300,104745,1.0,,Rafael Nadal,L,185.0,ESP,35.5,202195,,Q,Maxime Cressy,R,198.0,USA,24.6,7-6(6) 6-3,3,F,107.0,9.0,4.0,64.0,41.0,32.0,15.0,11.0,0.0,1.0,8.0,3.0,70.0,50.0,32.0,12.0,10.0,6.0,8.0,6.0,4875.0,112.0,683.0
108,2022-9667,Adelaide 2,Hard,32,A,20220110,300,106423,,WC,Thanasi Kokkinakis,R,196.0,AUS,25.7,126239,,,Arthur Rinderknech,R,196.0,FRA,26.4,6-7(6) 7-6(5) 6-3,3,F,158.0,18.0,0.0,92.0,71.0,64.0,11.0,16.0,0.0,0.0,15.0,0.0,104.0,68.0,55.0,19.0,17.0,1.0,3.0,145.0,480.0,58.0,1057.0
428,2022-0424,Dallas,Hard,32,A,20220207,300,124187,2.0,,Reilly Opelka,R,211.0,USA,24.4,202385,4.0,,Jenson Brooksby,R,188.0,USA,21.2,7-6(5) 7-6(3),3,F,111.0,16.0,1.0,70.0,48.0,42.0,17.0,12.0,1.0,1.0,2.0,3.0,88.0,61.0,49.0,15.0,12.0,5.0,5.0,23.0,1846.0,54.0,1083.0
1002,2022-5053,Belgrade ,Clay,32,A,20220418,300,126094,2.0,,Andrey Rublev,R,188.0,RUS,24.4,104925,1.0,,Novak Djokovic,R,188.0,SRB,34.9,6-2 6-7(4) 6-0,3,F,147.0,6.0,4.0,97.0,56.0,41.0,21.0,13.0,8.0,9.0,7.0,5.0,91.0,57.0,33.0,14.0,13.0,6.0,12.0,8.0,3865.0,1.0,8340.0
2284,2022-4140,Seoul,Hard,32,A,20220926,300,106415,,,Yoshihito Nishioka,L,170.0,JPN,26.9,133430,4.0,,Denis Shapovalov,L,185.0,CAN,23.4,6-4 7-6(5),3,F,115.0,0.0,1.0,79.0,58.0,36.0,15.0,11.0,4.0,5.0,5.0,6.0,76.0,48.0,38.0,13.0,11.0,6.0,8.0,56.0,827.0,24.0,1640.0
2338,2022-4138,Tel Aviv,Hard,32,A,20220926,300,104925,1.0,,Novak Djokovic,R,188.0,SRB,35.3,105227,2.0,,Marin Cilic,R,198.0,CRO,33.9,6-3 6-4,3,F,94.0,7.0,4.0,57.0,36.0,32.0,10.0,10.0,1.0,1.0,13.0,5.0,58.0,41.0,29.0,7.0,9.0,4.0,6.0,7.0,3570.0,16.0,2345.0
2365,2022-9410,Astana,Hard,32,A,20221003,300,104925,4.0,,Novak Djokovic,R,188.0,SRB,35.3,126774,3.0,,Stefanos Tsitsipas,R,193.0,GRE,24.1,6-3 6-4,3,F,75.0,1.0,0.0,48.0,38.0,33.0,8.0,10.0,0.0,0.0,1.0,2.0,49.0,30.0,24.0,8.0,9.0,3.0,5.0,7.0,3820.0,6.0,4810.0
2427,2022-2805,Florence,Hard,32,A,20221010,300,200000,1.0,,Felix Auger Aliassime,R,193.0,CAN,22.1,200670,,,J J Wolf,R,183.0,USA,23.8,6-4 6-4,3,F,101.0,11.0,1.0,52.0,34.0,29.0,8.0,10.0,0.0,1.0,3.0,2.0,71.0,41.0,29.0,12.0,10.0,9.0,12.0,13.0,2950.0,75.0,694.0
2454,2022-2807,Gijon,Hard,32,A,20221010,300,126094,1.0,,Andrey Rublev,R,188.0,RUS,24.9,200624,,,Sebastian Korda,R,196.0,USA,22.2,6-2 6-3,3,F,75.0,3.0,0.0,56.0,37.0,28.0,13.0,9.0,2.0,2.0,6.0,0.0,49.0,26.0,17.0,11.0,8.0,2.0,5.0,9.0,3480.0,47.0,985.0
2481,2022-2809,Naples,Hard,32,A,20221017,300,207518,4.0,,Lorenzo Musetti,R,185.0,ITA,20.6,126610,2.0,,Matteo Berrettini,R,196.0,ITA,26.5,7-6(5) 6-2,3,F,121.0,4.0,1.0,69.0,41.0,35.0,16.0,10.0,1.0,1.0,6.0,4.0,72.0,39.0,31.0,14.0,10.0,5.0,7.0,24.0,1516.0,16.0,2315.0
0,2023-9900,United Cup,Hard,18,A,20230102,300,126203,3.0,,Taylor Fritz,R,196.0,USA,25.1,126610,5.0,,Matteo Berrettini,R,196.0,ITA,26.7,7-6(4) 7-6(6),3,F,135.0,15.0,2.0,85.0,52.0,45.0,16.0,12.0,0.0,0.0,7.0,2.0,97.0,62.0,47.0,15.0,12.0,9.0,9.0,9.0,3355.0,16.0,2375.0
480,2023-6932,Rio De Janeiro,Clay,32,A,20230220,300,111815,2.0,,Cameron Norrie,L,188.0,GBR,27.4,207989,1.0,,Carlos Alcaraz,R,183.0,ESP,19.7,5-7 6-4 7-5,3,F,161.0,3.0,5.0,105.0,65.0,42.0,20.0,17.0,4.0,9.0,4.0,4.0,115.0,78.0,52.0,15.0,17.0,10.0,16.0,13.0,2615.0,2.0,6480.0
1027,2023-2841,Banja Luka,Clay,32,A,20230417,300,105583,,,Dusan Lajovic,R,183.0,SRB,32.7,126094,2.0,,Andrey Rublev,R,188.0,RUS,25.4,6-3 4-6 6-4,3,F,152.0,1.0,0.0,94.0,63.0,47.0,11.0,15.0,5.0,8.0,5.0,4.0,105.0,58.0,40.0,22.0,14.0,6.0,10.0,70.0,744.0,6.0,4380.0
